prepared_sample_id,group_id,image_filename,steering_target,category,augmentation,source_run,source_sample_id,source_image_filename
1,medium_y_negative_003__000014,sample_000001_original.png,-0.241988,strong_negative,original,medium_y_negative_003,14,frame_000014.png
2,medium_y_negative_003__000014,sample_000002_mirrored.png,0.241988,strong_positive,horizontal_reflection,medium_y_negative_003,14,frame_000014.png
3,recovery_y_positive_005__000027,sample_000003_original.png,0.126116,medium_positive,original,recovery_y_positive_005,27,frame_000027.png
4,recovery_y_positive_005__000027,sample_000004_mirrored.png,-0.126116,medium_negative,horizontal_reflection,recovery_y_positive_005,27,frame_000027.png
5,recovery_y_positive_005__000009,sample_000005_original.png,0.489034,strong_positive,original,recovery_y_positive_005,9,frame_000009.png
6,recovery_y_positive_005__000009,sample_000006_mirrored.png,-0.489034,strong_negative,horizontal_reflection,recovery_y_positive_005,9,frame_000009.png
7,run_20260720_210122__000457,sample_000007_original.png,-0.00068,centre,original,run_20260720_210122,457,frame_000457.png
8,run_20260720_210122__000457,sample_000008_mirrored.png,0.00068,centre,horizontal_reflection,run_20260720_210122,457,frame_000457.png
9,recovery_y_positive_005__000069,sample_000009_original.png,-0.087898,medium_negative,original,recovery_y_positive_005,69,frame_000069.png
10,recovery_y_positive_005__000069,sample_000010_mirrored.png,0.087898,medium_positive,horizontal_reflection,recovery_y_positive_005,69,frame_000069.png
11,run_20260720_210122__000308,sample_000011_original.png,0.0375,centre,original,run_20260720_210122,308,frame_000308.png
12,run_20260720_210122__000308,sample_000012_mirrored.png,-0.0375,centre,horizontal_reflection,run_20260720_210122,308,frame_000308.png
13,recovery_y_positive_005__000088,sample_000013_original.png,-0.091286,medium_negative,original,recovery_y_positive_005,88,frame_000088.png
14,recovery_y_positive_005__000088,sample_000014_mirrored.png,0.091286,medium_positive,horizontal_reflection,recovery_y_positive_005,88,frame_000088.png
15,recovery_y_negative_005__000038,sample_000015_original.png,-0.091054,medium_negative,original,recovery_y_negative_005,38,frame_000038.png
16,recovery_y_negative_005__000038,sample_000016_mirrored.png,0.091054,medium_positive,horizontal_reflection,recovery_y_negative_005,38,frame_000038.png
17,run_20260720_210122__000086,sample_000017_original.png,-0.038253,centre,original,run_20260720_210122,86,frame_000086.png
18,run_20260720_210122__000086,sample_000018_mirrored.png,0.038253,centre,horizontal_reflection,run_20260720_210122,86,frame_000086.png
19,medium_y_positive_003__000001,sample_000019_original.png,0.781901,strong_positive,original,medium_y_positive_003,1,frame_000001.png
20,medium_y_positive_003__000001,sample_000020_mirrored.png,-0.781901,strong_negative,horizontal_reflection,medium_y_positive_003,1,frame_000001.png
21,medium_y_positive_003__000044,sample_000021_original.png,-0.0284,centre,original,medium_y_positive_003,44,frame_000044.png
22,medium_y_positive_003__000044,sample_000022_mirrored.png,0.0284,centre,horizontal_reflection,medium_y_positive_003,44,frame_000044.png
23,recovery_y_positive_005__000033,sample_000023_original.png,0.060774,medium_positive,original,recovery_y_positive_005,33,frame_000033.png
24,recovery_y_positive_005__000033,sample_000024_mirrored.png,-0.060774,medium_negative,horizontal_reflection,recovery_y_positive_005,33,frame_000033.png
25,run_20260720_210122__000279,sample_000025_original.png,0.03,centre,original,run_20260720_210122,279,frame_000279.png
26,run_20260720_210122__000279,sample_000026_mirrored.png,-0.03,centre,horizontal_reflection,run_20260720_210122,279,frame_000279.png
27,recovery_y_positive_005__000067,sample_000027_original.png,-0.075961,medium_negative,original,recovery_y_positive_005,67,frame_000067.png
28,recovery_y_positive_005__000067,sample_000028_mirrored.png,0.075961,medium_positive,horizontal_reflection,recovery_y_positive_005,67,frame_000067.png
29,run_20260720_210122__000406,sample_000029_original.png,0.006716,centre,original,run_20260720_210122,406,frame_000406.png
30,run_20260720_210122__000406,sample_000030_mirrored.png,-0.006716,centre,horizontal_reflection,run_20260720_210122,406,frame_000406.png
31,run_20260720_210122__000449,sample_000031_original.png,-0.016193,centre,original,run_20260720_210122,449,frame_000449.png
32,run_20260720_210122__000449,sample_000032_mirrored.png,0.016193,centre,horizontal_reflection,run_20260720_210122,449,frame_000449.png
33,run_20260720_210122__000001,sample_000033_original.png,-0.13807,medium_negative,original,run_20260720_210122,1,frame_000001.png
34,run_20260720_210122__000001,sample_000034_mirrored.png,0.13807,medium_positive,horizontal_reflection,run_20260720_210122,1,frame_000001.png
35,run_20260720_210122__000251,sample_000035_original.png,0.03,centre,original,run_20260720_210122,251,frame_000251.png
36,run_20260720_210122__000251,sample_000036_mirrored.png,-0.03,centre,horizontal_reflection,run_20260720_210122,251,frame_000251.png
37,run_20260720_210122__000335,sample_000037_original.png,0.026059,centre,original,run_20260720_210122,335,frame_000335.png
38,run_20260720_210122__000335,sample_000038_mirrored.png,-0.026059,centre,horizontal_reflection,run_20260720_210122,335,frame_000335.png
39,recovery_y_negative_005__000020,sample_000039_original.png,-0.277583,strong_negative,original,recovery_y_negative_005,20,frame_000020.png
40,recovery_y_negative_005__000020,sample_000040_mirrored.png,0.277583,strong_positive,horizontal_reflection,recovery_y_negative_005,20,frame_000020.png
41,recovery_y_positive_005__000003,sample_000041_original.png,1.0,strong_positive,original,recovery_y_positive_005,3,frame_000003.png
42,recovery_y_positive_005__000003,sample_000042_mirrored.png,-1.0,strong_negative,horizontal_reflection,recovery_y_positive_005,3,frame_000003.png
43,medium_y_negative_003__000028,sample_000043_original.png,-0.118136,medium_negative,original,medium_y_negative_003,28,frame_000028.png
44,medium_y_negative_003__000028,sample_000044_mirrored.png,0.118136,medium_positive,horizontal_reflection,medium_y_negative_003,28,frame_000028.png
45,recovery_y_positive_005__000084,sample_000045_original.png,-0.094064,medium_negative,original,recovery_y_positive_005,84,frame_000084.png
46,recovery_y_positive_005__000084,sample_000046_mirrored.png,0.094064,medium_positive,horizontal_reflection,recovery_y_positive_005,84,frame_000084.png
47,run_20260720_210122__000017,sample_000047_original.png,-0.035963,centre,original,run_20260720_210122,17,frame_000017.png
48,run_20260720_210122__000017,sample_000048_mirrored.png,0.035963,centre,horizontal_reflection,run_20260720_210122,17,frame_000017.png
49,run_20260720_210122__000255,sample_000049_original.png,0.015989,centre,original,run_20260720_210122,255,frame_000255.png
50,run_20260720_210122__000255,sample_000050_mirrored.png,-0.015989,centre,horizontal_reflection,run_20260720_210122,255,frame_000255.png
51,medium_y_positive_003__000012,sample_000051_original.png,0.181027,strong_positive,original,medium_y_positive_003,12,frame_000012.png
52,medium_y_positive_003__000012,sample_000052_mirrored.png,-0.181027,strong_negative,horizontal_reflection,medium_y_positive_003,12,frame_000012.png
53,run_20260720_210122__000099,sample_000053_original.png,-0.027948,centre,original,run_20260720_210122,99,frame_000099.png
54,run_20260720_210122__000099,sample_000054_mirrored.png,0.027948,centre,horizontal_reflection,run_20260720_210122,99,frame_000099.png
55,medium_y_negative_003__000019,sample_000055_original.png,-0.188657,strong_negative,original,medium_y_negative_003,19,frame_000019.png
56,medium_y_negative_003__000019,sample_000056_mirrored.png,0.188657,strong_positive,horizontal_reflection,medium_y_negative_003,19,frame_000019.png
57,medium_y_positive_003__000061,sample_000057_original.png,-0.056204,medium_negative,original,medium_y_positive_003,61,frame_000061.png
58,medium_y_positive_003__000061,sample_000058_mirrored.png,0.056204,medium_positive,horizontal_reflection,medium_y_positive_003,61,frame_000061.png
59,medium_y_positive_003__000034,sample_000059_original.png,0.005945,centre,original,medium_y_positive_003,34,frame_000034.png
60,medium_y_positive_003__000034,sample_000060_mirrored.png,-0.005945,centre,horizontal_reflection,medium_y_positive_003,34,frame_000034.png
61,recovery_y_positive_005__000019,sample_000061_original.png,0.212738,strong_positive,original,recovery_y_positive_005,19,frame_000019.png
62,recovery_y_positive_005__000019,sample_000062_mirrored.png,-0.212738,strong_negative,horizontal_reflection,recovery_y_positive_005,19,frame_000019.png
63,recovery_y_negative_005__000027,sample_000063_original.png,-0.193186,strong_negative,original,recovery_y_negative_005,27,frame_000027.png
64,recovery_y_negative_005__000027,sample_000064_mirrored.png,0.193186,strong_positive,horizontal_reflection,recovery_y_negative_005,27,frame_000027.png
65,recovery_y_positive_005__000053,sample_000065_original.png,-0.053667,medium_negative,original,recovery_y_positive_005,53,frame_000053.png
66,recovery_y_positive_005__000053,sample_000066_mirrored.png,0.053667,medium_positive,horizontal_reflection,recovery_y_positive_005,53,frame_000053.png
67,run_20260720_210122__000053,sample_000067_original.png,-0.033636,centre,original,run_20260720_210122,53,frame_000053.png
68,run_20260720_210122__000053,sample_000068_mirrored.png,0.033636,centre,horizontal_reflection,run_20260720_210122,53,frame_000053.png
69,medium_y_negative_003__000004,sample_000069_original.png,-0.970394,strong_negative,original,medium_y_negative_003,4,frame_000004.png
70,medium_y_negative_003__000004,sample_000070_mirrored.png,0.970394,strong_positive,horizontal_reflection,medium_y_negative_003,4,frame_000004.png
71,recovery_y_negative_005__000033,sample_000071_original.png,-0.118724,medium_negative,original,recovery_y_negative_005,33,frame_000033.png
72,recovery_y_negative_005__000033,sample_000072_mirrored.png,0.118724,medium_positive,horizontal_reflection,recovery_y_negative_005,33,frame_000033.png
73,recovery_y_positive_005__000075,sample_000073_original.png,-0.090899,medium_negative,original,recovery_y_positive_005,75,frame_000075.png
74,recovery_y_positive_005__000075,sample_000074_mirrored.png,0.090899,medium_positive,horizontal_reflection,recovery_y_positive_005,75,frame_000075.png
75,recovery_y_positive_005__000016,sample_000075_original.png,0.262237,strong_positive,original,recovery_y_positive_005,16,frame_000016.png
76,recovery_y_positive_005__000016,sample_000076_mirrored.png,-0.262237,strong_negative,horizontal_reflection,recovery_y_positive_005,16,frame_000016.png
77,medium_y_positive_003__000062,sample_000077_original.png,-0.053403,medium_negative,original,medium_y_positive_003,62,frame_000062.png
78,medium_y_positive_003__000062,sample_000078_mirrored.png,0.053403,medium_positive,horizontal_reflection,medium_y_positive_003,62,frame_000062.png
79,medium_y_negative_003__000024,sample_000079_original.png,-0.133418,medium_negative,original,medium_y_negative_003,24,frame_000024.png
80,medium_y_negative_003__000024,sample_000080_mirrored.png,0.133418,medium_positive,horizontal_reflection,medium_y_negative_003,24,frame_000024.png
81,run_20260720_210122__000234,sample_000081_original.png,0.028632,centre,original,run_20260720_210122,234,frame_000234.png
82,run_20260720_210122__000234,sample_000082_mirrored.png,-0.028632,centre,horizontal_reflection,run_20260720_210122,234,frame_000234.png
83,medium_y_positive_003__000033,sample_000083_original.png,0.013777,centre,original,medium_y_positive_003,33,frame_000033.png
84,medium_y_positive_003__000033,sample_000084_mirrored.png,-0.013777,centre,horizontal_reflection,medium_y_positive_003,33,frame_000033.png
85,recovery_y_positive_005__000024,sample_000085_original.png,0.149425,medium_positive,original,recovery_y_positive_005,24,frame_000024.png
86,recovery_y_positive_005__000024,sample_000086_mirrored.png,-0.149425,medium_negative,horizontal_reflection,recovery_y_positive_005,24,frame_000024.png
87,run_20260720_210122__000070,sample_000087_original.png,-0.030002,centre,original,run_20260720_210122,70,frame_000070.png
88,run_20260720_210122__000070,sample_000088_mirrored.png,0.030002,centre,horizontal_reflection,run_20260720_210122,70,frame_000070.png
89,recovery_y_negative_005__000028,sample_000089_original.png,-0.179238,strong_negative,original,recovery_y_negative_005,28,frame_000028.png
90,recovery_y_negative_005__000028,sample_000090_mirrored.png,0.179238,strong_positive,horizontal_reflection,recovery_y_negative_005,28,frame_000028.png
91,recovery_y_negative_005__000043,sample_000091_original.png,-0.064279,medium_negative,original,recovery_y_negative_005,43,frame_000043.png
92,recovery_y_negative_005__000043,sample_000092_mirrored.png,0.064279,medium_positive,horizontal_reflection,recovery_y_negative_005,43,frame_000043.png
93,recovery_y_negative_005__000009,sample_000093_original.png,-0.599149,strong_negative,original,recovery_y_negative_005,9,frame_000009.png
94,recovery_y_negative_005__000009,sample_000094_mirrored.png,0.599149,strong_positive,horizontal_reflection,recovery_y_negative_005,9,frame_000009.png
95,recovery_y_positive_005__000068,sample_000095_original.png,-0.073846,medium_negative,original,recovery_y_positive_005,68,frame_000068.png
96,recovery_y_positive_005__000068,sample_000096_mirrored.png,0.073846,medium_positive,horizontal_reflection,recovery_y_positive_005,68,frame_000068.png
97,run_20260720_210122__000008,sample_000097_original.png,-0.051221,medium_negative,original,run_20260720_210122,8,frame_000008.png
98,run_20260720_210122__000008,sample_000098_mirrored.png,0.051221,medium_positive,horizontal_reflection,run_20260720_210122,8,frame_000008.png
99,recovery_y_positive_005__000057,sample_000099_original.png,-0.065204,medium_negative,original,recovery_y_positive_005,57,frame_000057.png
100,recovery_y_positive_005__000057,sample_000100_mirrored.png,0.065204,medium_positive,horizontal_reflection,recovery_y_positive_005,57,frame_000057.png
101,run_20260720_210122__000432,sample_000101_original.png,-0.008964,centre,original,run_20260720_210122,432,frame_000432.png
102,run_20260720_210122__000432,sample_000102_mirrored.png,0.008964,centre,horizontal_reflection,run_20260720_210122,432,frame_000432.png
103,medium_y_positive_003__000020,sample_000103_original.png,0.101575,medium_positive,original,medium_y_positive_003,20,frame_000020.png
104,medium_y_positive_003__000020,sample_000104_mirrored.png,-0.101575,medium_negative,horizontal_reflection,medium_y_positive_003,20,frame_000020.png
105,run_20260720_210122__000160,sample_000105_original.png,0.01521,centre,original,run_20260720_210122,160,frame_000160.png
106,run_20260720_210122__000160,sample_000106_mirrored.png,-0.01521,centre,horizontal_reflection,run_20260720_210122,160,frame_000160.png
107,run_20260720_210122__000345,sample_000107_original.png,0.023005,centre,original,run_20260720_210122,345,frame_000345.png
108,run_20260720_210122__000345,sample_000108_mirrored.png,-0.023005,centre,horizontal_reflection,run_20260720_210122,345,frame_000345.png
109,run_20260720_210122__000191,sample_000109_original.png,0.015014,centre,original,run_20260720_210122,191,frame_000191.png
110,run_20260720_210122__000191,sample_000110_mirrored.png,-0.015014,centre,horizontal_reflection,run_20260720_210122,191,frame_000191.png
111,run_20260720_210122__000096,sample_000111_original.png,-0.043253,centre,original,run_20260720_210122,96,frame_000096.png
112,run_20260720_210122__000096,sample_000112_mirrored.png,0.043253,centre,horizontal_reflection,run_20260720_210122,96,frame_000096.png
113,recovery_y_negative_005__000012,sample_000113_original.png,-0.436404,strong_negative,original,recovery_y_negative_005,12,frame_000012.png
114,recovery_y_negative_005__000012,sample_000114_mirrored.png,0.436404,strong_positive,horizontal_reflection,recovery_y_negative_005,12,frame_000012.png
115,run_20260720_210122__000004,sample_000115_original.png,-0.061688,medium_negative,original,run_20260720_210122,4,frame_000004.png
116,run_20260720_210122__000004,sample_000116_mirrored.png,0.061688,medium_positive,horizontal_reflection,run_20260720_210122,4,frame_000004.png
117,medium_y_negative_003__000039,sample_000117_original.png,-0.054238,medium_negative,original,medium_y_negative_003,39,frame_000039.png
118,medium_y_negative_003__000039,sample_000118_mirrored.png,0.054238,medium_positive,horizontal_reflection,medium_y_negative_003,39,frame_000039.png
119,recovery_y_positive_005__000089,sample_000119_original.png,-0.090964,medium_negative,original,recovery_y_positive_005,89,frame_000089.png
120,recovery_y_positive_005__000089,sample_000120_mirrored.png,0.090964,medium_positive,horizontal_reflection,recovery_y_positive_005,89,frame_000089.png
121,medium_y_positive_003__000007,sample_000121_original.png,0.347132,strong_positive,original,medium_y_positive_003,7,frame_000007.png
122,medium_y_positive_003__000007,sample_000122_mirrored.png,-0.347132,strong_negative,horizontal_reflection,medium_y_positive_003,7,frame_000007.png
123,recovery_y_negative_005__000089,sample_000123_original.png,0.039304,centre,original,recovery_y_negative_005,89,frame_000089.png
124,recovery_y_negative_005__000089,sample_000124_mirrored.png,-0.039304,centre,horizontal_reflection,recovery_y_negative_005,89,frame_000089.png
125,recovery_y_positive_005__000090,sample_000125_original.png,-0.090723,medium_negative,original,recovery_y_positive_005,90,frame_000090.png
126,recovery_y_positive_005__000090,sample_000126_mirrored.png,0.090723,medium_positive,horizontal_reflection,recovery_y_positive_005,90,frame_000090.png
127,recovery_y_positive_005__000058,sample_000127_original.png,-0.060153,medium_negative,original,recovery_y_positive_005,58,frame_000058.png
128,recovery_y_positive_005__000058,sample_000128_mirrored.png,0.060153,medium_positive,horizontal_reflection,recovery_y_positive_005,58,frame_000058.png
129,medium_y_negative_003__000056,sample_000129_original.png,-0.007001,centre,original,medium_y_negative_003,56,frame_000056.png
130,medium_y_negative_003__000056,sample_000130_mirrored.png,0.007001,centre,horizontal_reflection,medium_y_negative_003,56,frame_000056.png
131,recovery_y_positive_005__000085,sample_000131_original.png,-0.093048,medium_negative,original,recovery_y_positive_005,85,frame_000085.png
132,recovery_y_positive_005__000085,sample_000132_mirrored.png,0.093048,medium_positive,horizontal_reflection,recovery_y_positive_005,85,frame_000085.png
133,run_20260720_210122__000079,sample_000133_original.png,-0.025295,centre,original,run_20260720_210122,79,frame_000079.png
134,run_20260720_210122__000079,sample_000134_mirrored.png,0.025295,centre,horizontal_reflection,run_20260720_210122,79,frame_000079.png
135,medium_y_negative_003__000002,sample_000135_original.png,-1.0,strong_negative,original,medium_y_negative_003,2,frame_000002.png
136,medium_y_negative_003__000002,sample_000136_mirrored.png,1.0,strong_positive,horizontal_reflection,medium_y_negative_003,2,frame_000002.png
137,run_20260720_210122__000428,sample_000137_original.png,-0.000159,centre,original,run_20260720_210122,428,frame_000428.png
138,run_20260720_210122__000428,sample_000138_mirrored.png,0.000159,centre,horizontal_reflection,run_20260720_210122,428,frame_000428.png
139,recovery_y_negative_005__000001,sample_000139_original.png,-1.0,strong_negative,original,recovery_y_negative_005,1,frame_000001.png
140,recovery_y_negative_005__000001,sample_000140_mirrored.png,1.0,strong_positive,horizontal_reflection,recovery_y_negative_005,1,frame_000001.png
141,recovery_y_negative_005__000013,sample_000141_original.png,-0.405376,strong_negative,original,recovery_y_negative_005,13,frame_000013.png
142,recovery_y_negative_005__000013,sample_000142_mirrored.png,0.405376,strong_positive,horizontal_reflection,recovery_y_negative_005,13,frame_000013.png
143,run_20260720_210122__000415,sample_000143_original.png,0.004878,centre,original,run_20260720_210122,415,frame_000415.png
144,run_20260720_210122__000415,sample_000144_mirrored.png,-0.004878,centre,horizontal_reflection,run_20260720_210122,415,frame_000415.png
145,run_20260720_210122__000316,sample_000145_original.png,0.028474,centre,original,run_20260720_210122,316,frame_000316.png
146,run_20260720_210122__000316,sample_000146_mirrored.png,-0.028474,centre,horizontal_reflection,run_20260720_210122,316,frame_000316.png
147,run_20260720_210122__000084,sample_000147_original.png,-0.039881,centre,original,run_20260720_210122,84,frame_000084.png
148,run_20260720_210122__000084,sample_000148_mirrored.png,0.039881,centre,horizontal_reflection,run_20260720_210122,84,frame_000084.png
149,run_20260720_210122__000278,sample_000149_original.png,0.03,centre,original,run_20260720_210122,278,frame_000278.png
150,run_20260720_210122__000278,sample_000150_mirrored.png,-0.03,centre,horizontal_reflection,run_20260720_210122,278,frame_000278.png
151,medium_y_negative_003__000040,sample_000151_original.png,-0.061303,medium_negative,original,medium_y_negative_003,40,frame_000040.png
152,medium_y_negative_003__000040,sample_000152_mirrored.png,0.061303,medium_positive,horizontal_reflection,medium_y_negative_003,40,frame_000040.png
153,recovery_y_positive_005__000087,sample_000153_original.png,-0.091714,medium_negative,original,recovery_y_positive_005,87,frame_000087.png
154,recovery_y_positive_005__000087,sample_000154_mirrored.png,0.091714,medium_positive,horizontal_reflection,recovery_y_positive_005,87,frame_000087.png
155,recovery_y_negative_005__000003,sample_000155_original.png,-1.0,strong_negative,original,recovery_y_negative_005,3,frame_000003.png
156,recovery_y_negative_005__000003,sample_000156_mirrored.png,1.0,strong_positive,horizontal_reflection,recovery_y_negative_005,3,frame_000003.png
157,run_20260720_210122__000100,sample_000157_original.png,-0.026811,centre,original,run_20260720_210122,100,frame_000100.png
158,run_20260720_210122__000100,sample_000158_mirrored.png,0.026811,centre,horizontal_reflection,run_20260720_210122,100,frame_000100.png
159,recovery_y_positive_005__000010,sample_000159_original.png,0.42921,strong_positive,original,recovery_y_positive_005,10,frame_000010.png
160,recovery_y_positive_005__000010,sample_000160_mirrored.png,-0.42921,strong_negative,horizontal_reflection,recovery_y_positive_005,10,frame_000010.png
161,recovery_y_positive_005__000078,sample_000161_original.png,-0.086043,medium_negative,original,recovery_y_positive_005,78,frame_000078.png
162,recovery_y_positive_005__000078,sample_000162_mirrored.png,0.086043,medium_positive,horizontal_reflection,recovery_y_positive_005,78,frame_000078.png
163,run_20260720_210122__000282,sample_000163_original.png,0.026821,centre,original,run_20260720_210122,282,frame_000282.png
164,run_20260720_210122__000282,sample_000164_mirrored.png,-0.026821,centre,horizontal_reflection,run_20260720_210122,282,frame_000282.png
165,recovery_y_positive_005__000001,sample_000165_original.png,1.0,strong_positive,original,recovery_y_positive_005,1,frame_000001.png
166,recovery_y_positive_005__000001,sample_000166_mirrored.png,-1.0,strong_negative,horizontal_reflection,recovery_y_positive_005,1,frame_000001.png
167,recovery_y_negative_005__000032,sample_000167_original.png,-0.135,medium_negative,original,recovery_y_negative_005,32,frame_000032.png
168,recovery_y_negative_005__000032,sample_000168_mirrored.png,0.135,medium_positive,horizontal_reflection,recovery_y_negative_005,32,frame_000032.png
169,recovery_y_negative_005__000035,sample_000169_original.png,-0.116291,medium_negative,original,recovery_y_negative_005,35,frame_000035.png
170,recovery_y_negative_005__000035,sample_000170_mirrored.png,0.116291,medium_positive,horizontal_reflection,recovery_y_negative_005,35,frame_000035.png
171,run_20260720_210122__000124,sample_000171_original.png,-0.014177,centre,original,run_20260720_210122,124,frame_000124.png
172,run_20260720_210122__000124,sample_000172_mirrored.png,0.014177,centre,horizontal_reflection,run_20260720_210122,124,frame_000124.png
173,run_20260720_210122__000075,sample_000173_original.png,-0.03,centre,original,run_20260720_210122,75,frame_000075.png
174,run_20260720_210122__000075,sample_000174_mirrored.png,0.03,centre,horizontal_reflection,run_20260720_210122,75,frame_000075.png
175,recovery_y_negative_005__000079,sample_000175_original.png,0.036318,centre,original,recovery_y_negative_005,79,frame_000079.png
176,recovery_y_negative_005__000079,sample_000176_mirrored.png,-0.036318,centre,horizontal_reflection,recovery_y_negative_005,79,frame_000079.png
177,recovery_y_negative_005__000054,sample_000177_original.png,-0.003928,centre,original,recovery_y_negative_005,54,frame_000054.png
178,recovery_y_negative_005__000054,sample_000178_mirrored.png,0.003928,centre,horizontal_reflection,recovery_y_negative_005,54,frame_000054.png
179,recovery_y_negative_005__000029,sample_000179_original.png,-0.165028,strong_negative,original,recovery_y_negative_005,29,frame_000029.png
180,recovery_y_negative_005__000029,sample_000180_mirrored.png,0.165028,strong_positive,horizontal_reflection,recovery_y_negative_005,29,frame_000029.png
181,run_20260720_210122__000093,sample_000181_original.png,-0.041379,centre,original,run_20260720_210122,93,frame_000093.png
182,run_20260720_210122__000093,sample_000182_mirrored.png,0.041379,centre,horizontal_reflection,run_20260720_210122,93,frame_000093.png
183,recovery_y_positive_005__000072,sample_000183_original.png,-0.080441,medium_negative,original,recovery_y_positive_005,72,frame_000072.png
184,recovery_y_positive_005__000072,sample_000184_mirrored.png,0.080441,medium_positive,horizontal_reflection,recovery_y_positive_005,72,frame_000072.png
185,medium_y_negative_003__000005,sample_000185_original.png,-0.732665,strong_negative,original,medium_y_negative_003,5,frame_000005.png
186,medium_y_negative_003__000005,sample_000186_mirrored.png,0.732665,strong_positive,horizontal_reflection,medium_y_negative_003,5,frame_000005.png
187,run_20260720_210122__000152,sample_000187_original.png,0.007582,centre,original,run_20260720_210122,152,frame_000152.png
188,run_20260720_210122__000152,sample_000188_mirrored.png,-0.007582,centre,horizontal_reflection,run_20260720_210122,152,frame_000152.png
189,run_20260720_210122__000357,sample_000189_original.png,0.037515,centre,original,run_20260720_210122,357,frame_000357.png
190,run_20260720_210122__000357,sample_000190_mirrored.png,-0.037515,centre,horizontal_reflection,run_20260720_210122,357,frame_000357.png
191,recovery_y_negative_005__000052,sample_000191_original.png,-0.023969,centre,original,recovery_y_negative_005,52,frame_000052.png
192,recovery_y_negative_005__000052,sample_000192_mirrored.png,0.023969,centre,horizontal_reflection,recovery_y_negative_005,52,frame_000052.png
193,medium_y_positive_003__000016,sample_000193_original.png,0.137601,medium_positive,original,medium_y_positive_003,16,frame_000016.png
194,medium_y_positive_003__000016,sample_000194_mirrored.png,-0.137601,medium_negative,horizontal_reflection,medium_y_positive_003,16,frame_000016.png
195,recovery_y_positive_005__000011,sample_000195_original.png,0.390606,strong_positive,original,recovery_y_positive_005,11,frame_000011.png
196,recovery_y_positive_005__000011,sample_000196_mirrored.png,-0.390606,strong_negative,horizontal_reflection,recovery_y_positive_005,11,frame_000011.png
197,medium_y_negative_003__000041,sample_000197_original.png,-0.050965,medium_negative,original,medium_y_negative_003,41,frame_000041.png
198,medium_y_negative_003__000041,sample_000198_mirrored.png,0.050965,medium_positive,horizontal_reflection,medium_y_negative_003,41,frame_000041.png
199,recovery_y_positive_005__000018,sample_000199_original.png,0.236203,strong_positive,original,recovery_y_positive_005,18,frame_000018.png
200,recovery_y_positive_005__000018,sample_000200_mirrored.png,-0.236203,strong_negative,horizontal_reflection,recovery_y_positive_005,18,frame_000018.png
201,run_20260720_210122__000139,sample_000201_original.png,0.000827,centre,original,run_20260720_210122,139,frame_000139.png
202,run_20260720_210122__000139,sample_000202_mirrored.png,-0.000827,centre,horizontal_reflection,run_20260720_210122,139,frame_000139.png
203,run_20260720_210122__000170,sample_000203_original.png,0.015001,centre,original,run_20260720_210122,170,frame_000170.png
204,run_20260720_210122__000170,sample_000204_mirrored.png,-0.015001,centre,horizontal_reflection,run_20260720_210122,170,frame_000170.png
205,run_20260720_210122__000271,sample_000205_original.png,0.030005,centre,original,run_20260720_210122,271,frame_000271.png
206,run_20260720_210122__000271,sample_000206_mirrored.png,-0.030005,centre,horizontal_reflection,run_20260720_210122,271,frame_000271.png
207,medium_y_positive_003__000052,sample_000207_original.png,-0.045112,centre,original,medium_y_positive_003,52,frame_000052.png
208,medium_y_positive_003__000052,sample_000208_mirrored.png,0.045112,centre,horizontal_reflection,medium_y_positive_003,52,frame_000052.png
209,medium_y_positive_003__000015,sample_000209_original.png,0.136818,medium_positive,original,medium_y_positive_003,15,frame_000015.png
210,medium_y_positive_003__000015,sample_000210_mirrored.png,-0.136818,medium_negative,horizontal_reflection,medium_y_positive_003,15,frame_000015.png
211,recovery_y_negative_005__000082,sample_000211_original.png,0.032666,centre,original,recovery_y_negative_005,82,frame_000082.png
212,recovery_y_negative_005__000082,sample_000212_mirrored.png,-0.032666,centre,horizontal_reflection,recovery_y_negative_005,82,frame_000082.png
213,medium_y_negative_003__000044,sample_000213_original.png,-0.037144,centre,original,medium_y_negative_003,44,frame_000044.png
214,medium_y_negative_003__000044,sample_000214_mirrored.png,0.037144,centre,horizontal_reflection,medium_y_negative_003,44,frame_000044.png
215,recovery_y_negative_005__000085,sample_000215_original.png,0.043202,centre,original,recovery_y_negative_005,85,frame_000085.png
216,recovery_y_negative_005__000085,sample_000216_mirrored.png,-0.043202,centre,horizontal_reflection,recovery_y_negative_005,85,frame_000085.png
217,run_20260720_210122__000155,sample_000217_original.png,0.018734,centre,original,run_20260720_210122,155,frame_000155.png
218,run_20260720_210122__000155,sample_000218_mirrored.png,-0.018734,centre,horizontal_reflection,run_20260720_210122,155,frame_000155.png
219,run_20260720_210122__000266,sample_000219_original.png,0.030087,centre,original,run_20260720_210122,266,frame_000266.png
220,run_20260720_210122__000266,sample_000220_mirrored.png,-0.030087,centre,horizontal_reflection,run_20260720_210122,266,frame_000266.png
221,run_20260720_210122__000085,sample_000221_original.png,-0.038839,centre,original,run_20260720_210122,85,frame_000085.png
222,run_20260720_210122__000085,sample_000222_mirrored.png,0.038839,centre,horizontal_reflection,run_20260720_210122,85,frame_000085.png
223,medium_y_negative_003__000020,sample_000223_original.png,-0.172092,strong_negative,original,medium_y_negative_003,20,frame_000020.png
224,medium_y_negative_003__000020,sample_000224_mirrored.png,0.172092,strong_positive,horizontal_reflection,medium_y_negative_003,20,frame_000020.png
225,run_20260720_210122__000151,sample_000225_original.png,0.007646,centre,original,run_20260720_210122,151,frame_000151.png
226,run_20260720_210122__000151,sample_000226_mirrored.png,-0.007646,centre,horizontal_reflection,run_20260720_210122,151,frame_000151.png
227,recovery_y_positive_005__000013,sample_000227_original.png,0.319312,strong_positive,original,recovery_y_positive_005,13,frame_000013.png
228,recovery_y_positive_005__000013,sample_000228_mirrored.png,-0.319312,strong_negative,horizontal_reflection,recovery_y_positive_005,13,frame_000013.png
229,run_20260720_210122__000424,sample_000229_original.png,-0.001584,centre,original,run_20260720_210122,424,frame_000424.png
230,run_20260720_210122__000424,sample_000230_mirrored.png,0.001584,centre,horizontal_reflection,run_20260720_210122,424,frame_000424.png
231,recovery_y_positive_005__000091,sample_000231_original.png,-0.090542,medium_negative,original,recovery_y_positive_005,91,frame_000091.png
232,recovery_y_positive_005__000091,sample_000232_mirrored.png,0.090542,medium_positive,horizontal_reflection,recovery_y_positive_005,91,frame_000091.png
233,medium_y_negative_003__000015,sample_000233_original.png,-0.228965,strong_negative,original,medium_y_negative_003,15,frame_000015.png
234,medium_y_negative_003__000015,sample_000234_mirrored.png,0.228965,strong_positive,horizontal_reflection,medium_y_negative_003,15,frame_000015.png
235,recovery_y_positive_005__000012,sample_000235_original.png,0.354152,strong_positive,original,recovery_y_positive_005,12,frame_000012.png
236,recovery_y_positive_005__000012,sample_000236_mirrored.png,-0.354152,strong_negative,horizontal_reflection,recovery_y_positive_005,12,frame_000012.png
237,recovery_y_negative_005__000093,sample_000237_original.png,0.038071,centre,original,recovery_y_negative_005,93,frame_000093.png
238,recovery_y_negative_005__000093,sample_000238_mirrored.png,-0.038071,centre,horizontal_reflection,recovery_y_negative_005,93,frame_000093.png
239,recovery_y_negative_005__000023,sample_000239_original.png,-0.23766,strong_negative,original,recovery_y_negative_005,23,frame_000023.png
240,recovery_y_negative_005__000023,sample_000240_mirrored.png,0.23766,strong_positive,horizontal_reflection,recovery_y_negative_005,23,frame_000023.png
241,recovery_y_negative_005__000088,sample_000241_original.png,0.039906,centre,original,recovery_y_negative_005,88,frame_000088.png
242,recovery_y_negative_005__000088,sample_000242_mirrored.png,-0.039906,centre,horizontal_reflection,recovery_y_negative_005,88,frame_000088.png
243,recovery_y_negative_005__000037,sample_000243_original.png,-0.094756,medium_negative,original,recovery_y_negative_005,37,frame_000037.png
244,recovery_y_negative_005__000037,sample_000244_mirrored.png,0.094756,medium_positive,horizontal_reflection,recovery_y_negative_005,37,frame_000037.png
245,medium_y_negative_003__000010,sample_000245_original.png,-0.325223,strong_negative,original,medium_y_negative_003,10,frame_000010.png
246,medium_y_negative_003__000010,sample_000246_mirrored.png,0.325223,strong_positive,horizontal_reflection,medium_y_negative_003,10,frame_000010.png
247,recovery_y_positive_005__000025,sample_000247_original.png,0.137042,medium_positive,original,recovery_y_positive_005,25,frame_000025.png
248,recovery_y_positive_005__000025,sample_000248_mirrored.png,-0.137042,medium_negative,horizontal_reflection,recovery_y_positive_005,25,frame_000025.png
249,recovery_y_positive_005__000030,sample_000249_original.png,0.078965,medium_positive,original,recovery_y_positive_005,30,frame_000030.png
250,recovery_y_positive_005__000030,sample_000250_mirrored.png,-0.078965,medium_negative,horizontal_reflection,recovery_y_positive_005,30,frame_000030.png
251,medium_y_negative_003__000012,sample_000251_original.png,-0.265838,strong_negative,original,medium_y_negative_003,12,frame_000012.png
252,medium_y_negative_003__000012,sample_000252_mirrored.png,0.265838,strong_positive,horizontal_reflection,medium_y_negative_003,12,frame_000012.png
253,run_20260720_210122__000036,sample_000253_original.png,-0.021028,centre,original,run_20260720_210122,36,frame_000036.png
254,run_20260720_210122__000036,sample_000254_mirrored.png,0.021028,centre,horizontal_reflection,run_20260720_210122,36,frame_000036.png
255,run_20260720_210122__000090,sample_000255_original.png,-0.023082,centre,original,run_20260720_210122,90,frame_000090.png
256,run_20260720_210122__000090,sample_000256_mirrored.png,0.023082,centre,horizontal_reflection,run_20260720_210122,90,frame_000090.png
257,run_20260720_210122__000067,sample_000257_original.png,-0.030014,centre,original,run_20260720_210122,67,frame_000067.png
258,run_20260720_210122__000067,sample_000258_mirrored.png,0.030014,centre,horizontal_reflection,run_20260720_210122,67,frame_000067.png
259,medium_y_positive_003__000014,sample_000259_original.png,0.151626,strong_positive,original,medium_y_positive_003,14,frame_000014.png
260,medium_y_positive_003__000014,sample_000260_mirrored.png,-0.151626,strong_negative,horizontal_reflection,medium_y_positive_003,14,frame_000014.png
261,medium_y_negative_003__000022,sample_000261_original.png,-0.153641,strong_negative,original,medium_y_negative_003,22,frame_000022.png
262,medium_y_negative_003__000022,sample_000262_mirrored.png,0.153641,strong_positive,horizontal_reflection,medium_y_negative_003,22,frame_000022.png
263,medium_y_negative_003__000023,sample_000263_original.png,-0.152093,strong_negative,original,medium_y_negative_003,23,frame_000023.png
264,medium_y_negative_003__000023,sample_000264_mirrored.png,0.152093,strong_positive,horizontal_reflection,medium_y_negative_003,23,frame_000023.png
265,recovery_y_positive_005__000071,sample_000265_original.png,-0.082255,medium_negative,original,recovery_y_positive_005,71,frame_000071.png
266,recovery_y_positive_005__000071,sample_000266_mirrored.png,0.082255,medium_positive,horizontal_reflection,recovery_y_positive_005,71,frame_000071.png
267,recovery_y_negative_005__000030,sample_000267_original.png,-0.15062,strong_negative,original,recovery_y_negative_005,30,frame_000030.png
268,recovery_y_negative_005__000030,sample_000268_mirrored.png,0.15062,strong_positive,horizontal_reflection,recovery_y_negative_005,30,frame_000030.png
269,run_20260720_210122__000211,sample_000269_original.png,0.036613,centre,original,run_20260720_210122,211,frame_000211.png
270,run_20260720_210122__000211,sample_000270_mirrored.png,-0.036613,centre,horizontal_reflection,run_20260720_210122,211,frame_000211.png
271,run_20260720_210122__000368,sample_000271_original.png,0.053138,medium_positive,original,run_20260720_210122,368,frame_000368.png
272,run_20260720_210122__000368,sample_000272_mirrored.png,-0.053138,medium_negative,horizontal_reflection,run_20260720_210122,368,frame_000368.png
273,run_20260720_210122__000088,sample_000273_original.png,-0.037738,centre,original,run_20260720_210122,88,frame_000088.png
274,run_20260720_210122__000088,sample_000274_mirrored.png,0.037738,centre,horizontal_reflection,run_20260720_210122,88,frame_000088.png
275,run_20260720_210122__000037,sample_000275_original.png,-0.021672,centre,original,run_20260720_210122,37,frame_000037.png
276,run_20260720_210122__000037,sample_000276_mirrored.png,0.021672,centre,horizontal_reflection,run_20260720_210122,37,frame_000037.png
277,recovery_y_positive_005__000004,sample_000277_original.png,1.0,strong_positive,original,recovery_y_positive_005,4,frame_000004.png
278,recovery_y_positive_005__000004,sample_000278_mirrored.png,-1.0,strong_negative,horizontal_reflection,recovery_y_positive_005,4,frame_000004.png
279,run_20260720_210122__000362,sample_000279_original.png,0.037501,centre,original,run_20260720_210122,362,frame_000362.png
280,run_20260720_210122__000362,sample_000280_mirrored.png,-0.037501,centre,horizontal_reflection,run_20260720_210122,362,frame_000362.png
281,recovery_y_negative_005__000022,sample_000281_original.png,-0.246082,strong_negative,original,recovery_y_negative_005,22,frame_000022.png
282,recovery_y_negative_005__000022,sample_000282_mirrored.png,0.246082,strong_positive,horizontal_reflection,recovery_y_negative_005,22,frame_000022.png
283,recovery_y_positive_005__000093,sample_000283_original.png,-0.090305,medium_negative,original,recovery_y_positive_005,93,frame_000093.png
284,recovery_y_positive_005__000093,sample_000284_mirrored.png,0.090305,medium_positive,horizontal_reflection,recovery_y_positive_005,93,frame_000093.png
285,medium_y_negative_003__000030,sample_000285_original.png,-0.106116,medium_negative,original,medium_y_negative_003,30,frame_000030.png
286,medium_y_negative_003__000030,sample_000286_mirrored.png,0.106116,medium_positive,horizontal_reflection,medium_y_negative_003,30,frame_000030.png
287,run_20260720_210122__000284,sample_000287_original.png,0.041453,centre,original,run_20260720_210122,284,frame_000284.png
288,run_20260720_210122__000284,sample_000288_mirrored.png,-0.041453,centre,horizontal_reflection,run_20260720_210122,284,frame_000284.png
289,run_20260720_210122__000268,sample_000289_original.png,0.030028,centre,original,run_20260720_210122,268,frame_000268.png
290,run_20260720_210122__000268,sample_000290_mirrored.png,-0.030028,centre,horizontal_reflection,run_20260720_210122,268,frame_000268.png
291,run_20260720_210122__000319,sample_000291_original.png,0.029728,centre,original,run_20260720_210122,319,frame_000319.png
292,run_20260720_210122__000319,sample_000292_mirrored.png,-0.029728,centre,horizontal_reflection,run_20260720_210122,319,frame_000319.png
293,medium_y_positive_003__000023,sample_000293_original.png,0.076174,medium_positive,original,medium_y_positive_003,23,frame_000023.png
294,medium_y_positive_003__000023,sample_000294_mirrored.png,-0.076174,medium_negative,horizontal_reflection,medium_y_positive_003,23,frame_000023.png
295,run_20260720_210122__000083,sample_000295_original.png,-0.038115,centre,original,run_20260720_210122,83,frame_000083.png
296,run_20260720_210122__000083,sample_000296_mirrored.png,0.038115,centre,horizontal_reflection,run_20260720_210122,83,frame_000083.png
297,run_20260720_210122__000183,sample_000297_original.png,0.01637,centre,original,run_20260720_210122,183,frame_000183.png
298,run_20260720_210122__000183,sample_000298_mirrored.png,-0.01637,centre,horizontal_reflection,run_20260720_210122,183,frame_000183.png
299,medium_y_positive_003__000022,sample_000299_original.png,0.079916,medium_positive,original,medium_y_positive_003,22,frame_000022.png
300,medium_y_positive_003__000022,sample_000300_mirrored.png,-0.079916,medium_negative,horizontal_reflection,medium_y_positive_003,22,frame_000022.png
301,run_20260720_210122__000138,sample_000301_original.png,0.00147,centre,original,run_20260720_210122,138,frame_000138.png
302,run_20260720_210122__000138,sample_000302_mirrored.png,-0.00147,centre,horizontal_reflection,run_20260720_210122,138,frame_000138.png
303,recovery_y_negative_005__000011,sample_000303_original.png,-0.486126,strong_negative,original,recovery_y_negative_005,11,frame_000011.png
304,recovery_y_negative_005__000011,sample_000304_mirrored.png,0.486126,strong_positive,horizontal_reflection,recovery_y_negative_005,11,frame_000011.png
305,recovery_y_positive_005__000081,sample_000305_original.png,-0.099633,medium_negative,original,recovery_y_positive_005,81,frame_000081.png
306,recovery_y_positive_005__000081,sample_000306_mirrored.png,0.099633,medium_positive,horizontal_reflection,recovery_y_positive_005,81,frame_000081.png
307,recovery_y_negative_005__000055,sample_000307_original.png,-0.010446,centre,original,recovery_y_negative_005,55,frame_000055.png
308,recovery_y_negative_005__000055,sample_000308_mirrored.png,0.010446,centre,horizontal_reflection,recovery_y_negative_005,55,frame_000055.png
309,recovery_y_negative_005__000015,sample_000309_original.png,-0.35763,strong_negative,original,recovery_y_negative_005,15,frame_000015.png
310,recovery_y_negative_005__000015,sample_000310_mirrored.png,0.35763,strong_positive,horizontal_reflection,recovery_y_negative_005,15,frame_000015.png
311,medium_y_positive_003__000018,sample_000311_original.png,0.10423,medium_positive,original,medium_y_positive_003,18,frame_000018.png
312,medium_y_positive_003__000018,sample_000312_mirrored.png,-0.10423,medium_negative,horizontal_reflection,medium_y_positive_003,18,frame_000018.png
313,run_20260720_210122__000242,sample_000313_original.png,0.029986,centre,original,run_20260720_210122,242,frame_000242.png
314,run_20260720_210122__000242,sample_000314_mirrored.png,-0.029986,centre,horizontal_reflection,run_20260720_210122,242,frame_000242.png
315,recovery_y_negative_005__000016,sample_000315_original.png,-0.341309,strong_negative,original,recovery_y_negative_005,16,frame_000016.png
316,recovery_y_negative_005__000016,sample_000316_mirrored.png,0.341309,strong_positive,horizontal_reflection,recovery_y_negative_005,16,frame_000016.png
317,run_20260720_210122__000291,sample_000317_original.png,0.037928,centre,original,run_20260720_210122,291,frame_000291.png
318,run_20260720_210122__000291,sample_000318_mirrored.png,-0.037928,centre,horizontal_reflection,run_20260720_210122,291,frame_000291.png
319,recovery_y_positive_005__000080,sample_000319_original.png,-0.084493,medium_negative,original,recovery_y_positive_005,80,frame_000080.png
320,recovery_y_positive_005__000080,sample_000320_mirrored.png,0.084493,medium_positive,horizontal_reflection,recovery_y_positive_005,80,frame_000080.png
321,recovery_y_positive_005__000017,sample_000321_original.png,0.241638,strong_positive,original,recovery_y_positive_005,17,frame_000017.png
322,recovery_y_positive_005__000017,sample_000322_mirrored.png,-0.241638,strong_negative,horizontal_reflection,recovery_y_positive_005,17,frame_000017.png
323,recovery_y_positive_005__000031,sample_000323_original.png,0.079211,medium_positive,original,recovery_y_positive_005,31,frame_000031.png
324,recovery_y_positive_005__000031,sample_000324_mirrored.png,-0.079211,medium_negative,horizontal_reflection,recovery_y_positive_005,31,frame_000031.png
325,medium_y_positive_003__000019,sample_000325_original.png,0.103784,medium_positive,original,medium_y_positive_003,19,frame_000019.png
326,medium_y_positive_003__000019,sample_000326_mirrored.png,-0.103784,medium_negative,horizontal_reflection,medium_y_positive_003,19,frame_000019.png
327,recovery_y_negative_005__000041,sample_000327_original.png,-0.075141,medium_negative,original,recovery_y_negative_005,41,frame_000041.png
328,recovery_y_negative_005__000041,sample_000328_mirrored.png,0.075141,medium_positive,horizontal_reflection,recovery_y_negative_005,41,frame_000041.png
329,recovery_y_positive_005__000079,sample_000329_original.png,-0.085157,medium_negative,original,recovery_y_positive_005,79,frame_000079.png
330,recovery_y_positive_005__000079,sample_000330_mirrored.png,0.085157,medium_positive,horizontal_reflection,recovery_y_positive_005,79,frame_000079.png
331,run_20260720_210122__000095,sample_000331_original.png,-0.02576,centre,original,run_20260720_210122,95,frame_000095.png
332,run_20260720_210122__000095,sample_000332_mirrored.png,0.02576,centre,horizontal_reflection,run_20260720_210122,95,frame_000095.png
333,run_20260720_210122__000340,sample_000333_original.png,0.041536,centre,original,run_20260720_210122,340,frame_000340.png
334,run_20260720_210122__000340,sample_000334_mirrored.png,-0.041536,centre,horizontal_reflection,run_20260720_210122,340,frame_000340.png
335,recovery_y_negative_005__000064,sample_000335_original.png,0.01241,centre,original,recovery_y_negative_005,64,frame_000064.png
336,recovery_y_negative_005__000064,sample_000336_mirrored.png,-0.01241,centre,horizontal_reflection,recovery_y_negative_005,64,frame_000064.png
337,run_20260720_210122__000328,sample_000337_original.png,0.029355,centre,original,run_20260720_210122,328,frame_000328.png
338,run_20260720_210122__000328,sample_000338_mirrored.png,-0.029355,centre,horizontal_reflection,run_20260720_210122,328,frame_000328.png
339,recovery_y_negative_005__000044,sample_000339_original.png,-0.056946,medium_negative,original,recovery_y_negative_005,44,frame_000044.png
340,recovery_y_negative_005__000044,sample_000340_mirrored.png,0.056946,medium_positive,horizontal_reflection,recovery_y_negative_005,44,frame_000044.png
341,medium_y_positive_003__000021,sample_000341_original.png,0.082405,medium_positive,original,medium_y_positive_003,21,frame_000021.png
342,medium_y_positive_003__000021,sample_000342_mirrored.png,-0.082405,medium_negative,horizontal_reflection,medium_y_positive_003,21,frame_000021.png
343,run_20260720_210122__000303,sample_000343_original.png,0.0375,centre,original,run_20260720_210122,303,frame_000303.png
344,run_20260720_210122__000303,sample_000344_mirrored.png,-0.0375,centre,horizontal_reflection,run_20260720_210122,303,frame_000303.png
345,recovery_y_negative_005__000005,sample_000345_original.png,-1.0,strong_negative,original,recovery_y_negative_005,5,frame_000005.png
346,recovery_y_negative_005__000005,sample_000346_mirrored.png,1.0,strong_positive,horizontal_reflection,recovery_y_negative_005,5,frame_000005.png
347,run_20260720_210122__000217,sample_000347_original.png,0.031221,centre,original,run_20260720_210122,217,frame_000217.png
348,run_20260720_210122__000217,sample_000348_mirrored.png,-0.031221,centre,horizontal_reflection,run_20260720_210122,217,frame_000217.png
349,medium_y_negative_003__000029,sample_000349_original.png,-0.112339,medium_negative,original,medium_y_negative_003,29,frame_000029.png
350,medium_y_negative_003__000029,sample_000350_mirrored.png,0.112339,medium_positive,horizontal_reflection,medium_y_negative_003,29,frame_000029.png
351,run_20260720_210122__000022,sample_000351_original.png,-0.021775,centre,original,run_20260720_210122,22,frame_000022.png
352,run_20260720_210122__000022,sample_000352_mirrored.png,0.021775,centre,horizontal_reflection,run_20260720_210122,22,frame_000022.png
353,run_20260720_210122__000016,sample_000353_original.png,-0.034767,centre,original,run_20260720_210122,16,frame_000016.png
354,run_20260720_210122__000016,sample_000354_mirrored.png,0.034767,centre,horizontal_reflection,run_20260720_210122,16,frame_000016.png
355,run_20260720_210122__000245,sample_000355_original.png,0.029998,centre,original,run_20260720_210122,245,frame_000245.png
356,run_20260720_210122__000245,sample_000356_mirrored.png,-0.029998,centre,horizontal_reflection,run_20260720_210122,245,frame_000245.png
357,medium_y_negative_003__000027,sample_000357_original.png,-0.123365,medium_negative,original,medium_y_negative_003,27,frame_000027.png
358,medium_y_negative_003__000027,sample_000358_mirrored.png,0.123365,medium_positive,horizontal_reflection,medium_y_negative_003,27,frame_000027.png
359,run_20260720_210122__000082,sample_000359_original.png,-0.038594,centre,original,run_20260720_210122,82,frame_000082.png
360,run_20260720_210122__000082,sample_000360_mirrored.png,0.038594,centre,horizontal_reflection,run_20260720_210122,82,frame_000082.png
361,run_20260720_210122__000427,sample_000361_original.png,-0.000282,centre,original,run_20260720_210122,427,frame_000427.png
362,run_20260720_210122__000427,sample_000362_mirrored.png,0.000282,centre,horizontal_reflection,run_20260720_210122,427,frame_000427.png
363,recovery_y_negative_005__000065,sample_000363_original.png,0.024945,centre,original,recovery_y_negative_005,65,frame_000065.png
364,recovery_y_negative_005__000065,sample_000364_mirrored.png,-0.024945,centre,horizontal_reflection,recovery_y_negative_005,65,frame_000065.png
365,medium_y_positive_003__000004,sample_000365_original.png,0.730369,strong_positive,original,medium_y_positive_003,4,frame_000004.png
366,medium_y_positive_003__000004,sample_000366_mirrored.png,-0.730369,strong_negative,horizontal_reflection,medium_y_positive_003,4,frame_000004.png
367,recovery_y_positive_005__000032,sample_000367_original.png,0.061882,medium_positive,original,recovery_y_positive_005,32,frame_000032.png
368,recovery_y_positive_005__000032,sample_000368_mirrored.png,-0.061882,medium_negative,horizontal_reflection,recovery_y_positive_005,32,frame_000032.png
369,recovery_y_positive_005__000005,sample_000369_original.png,1.0,strong_positive,original,recovery_y_positive_005,5,frame_000005.png
370,recovery_y_positive_005__000005,sample_000370_mirrored.png,-1.0,strong_negative,horizontal_reflection,recovery_y_positive_005,5,frame_000005.png
371,run_20260720_210122__000172,sample_000371_original.png,0.016526,centre,original,run_20260720_210122,172,frame_000172.png
372,run_20260720_210122__000172,sample_000372_mirrored.png,-0.016526,centre,horizontal_reflection,run_20260720_210122,172,frame_000172.png
373,medium_y_negative_003__000032,sample_000373_original.png,-0.092793,medium_negative,original,medium_y_negative_003,32,frame_000032.png
374,medium_y_negative_003__000032,sample_000374_mirrored.png,0.092793,medium_positive,horizontal_reflection,medium_y_negative_003,32,frame_000032.png
375,run_20260720_210122__000410,sample_000375_original.png,0.014171,centre,original,run_20260720_210122,410,frame_000410.png
376,run_20260720_210122__000410,sample_000376_mirrored.png,-0.014171,centre,horizontal_reflection,run_20260720_210122,410,frame_000410.png
377,recovery_y_negative_005__000031,sample_000377_original.png,-0.151702,strong_negative,original,recovery_y_negative_005,31,frame_000031.png
378,recovery_y_negative_005__000031,sample_000378_mirrored.png,0.151702,strong_positive,horizontal_reflection,recovery_y_negative_005,31,frame_000031.png
379,medium_y_negative_003__000026,sample_000379_original.png,-0.127838,medium_negative,original,medium_y_negative_003,26,frame_000026.png
380,medium_y_negative_003__000026,sample_000380_mirrored.png,0.127838,medium_positive,horizontal_reflection,medium_y_negative_003,26,frame_000026.png
381,run_20260720_210122__000108,sample_000381_original.png,-0.029968,centre,original,run_20260720_210122,108,frame_000108.png
382,run_20260720_210122__000108,sample_000382_mirrored.png,0.029968,centre,horizontal_reflection,run_20260720_210122,108,frame_000108.png
383,run_20260720_210122__000459,sample_000383_original.png,-0.01831,centre,original,run_20260720_210122,459,frame_000459.png
384,run_20260720_210122__000459,sample_000384_mirrored.png,0.01831,centre,horizontal_reflection,run_20260720_210122,459,frame_000459.png
385,recovery_y_negative_005__000036,sample_000385_original.png,-0.097192,medium_negative,original,recovery_y_negative_005,36,frame_000036.png
386,recovery_y_negative_005__000036,sample_000386_mirrored.png,0.097192,medium_positive,horizontal_reflection,recovery_y_negative_005,36,frame_000036.png
387,run_20260720_210122__000460,sample_000387_original.png,-0.001224,centre,original,run_20260720_210122,460,frame_000460.png
388,run_20260720_210122__000460,sample_000388_mirrored.png,0.001224,centre,horizontal_reflection,run_20260720_210122,460,frame_000460.png
389,run_20260720_210122__000061,sample_000389_original.png,-0.03043,centre,original,run_20260720_210122,61,frame_000061.png
390,run_20260720_210122__000061,sample_000390_mirrored.png,0.03043,centre,horizontal_reflection,run_20260720_210122,61,frame_000061.png
391,recovery_y_positive_005__000036,sample_000391_original.png,0.035755,centre,original,recovery_y_positive_005,36,frame_000036.png
392,recovery_y_positive_005__000036,sample_000392_mirrored.png,-0.035755,centre,horizontal_reflection,recovery_y_positive_005,36,frame_000036.png
393,run_20260720_210122__000341,sample_000393_original.png,0.024132,centre,original,run_20260720_210122,341,frame_000341.png
394,run_20260720_210122__000341,sample_000394_mirrored.png,-0.024132,centre,horizontal_reflection,run_20260720_210122,341,frame_000341.png
395,medium_y_negative_003__000011,sample_000395_original.png,-0.294503,strong_negative,original,medium_y_negative_003,11,frame_000011.png
396,medium_y_negative_003__000011,sample_000396_mirrored.png,0.294503,strong_positive,horizontal_reflection,medium_y_negative_003,11,frame_000011.png
397,run_20260720_210122__000162,sample_000397_original.png,0.015067,centre,original,run_20260720_210122,162,frame_000162.png
398,run_20260720_210122__000162,sample_000398_mirrored.png,-0.015067,centre,horizontal_reflection,run_20260720_210122,162,frame_000162.png
399,medium_y_positive_003__000011,sample_000399_original.png,0.19557,strong_positive,original,medium_y_positive_003,11,frame_000011.png
400,medium_y_positive_003__000011,sample_000400_mirrored.png,-0.19557,strong_negative,horizontal_reflection,medium_y_positive_003,11,frame_000011.png
401,medium_y_negative_003__000001,sample_000401_original.png,-1.0,strong_negative,original,medium_y_negative_003,1,frame_000001.png
402,medium_y_negative_003__000001,sample_000402_mirrored.png,1.0,strong_positive,horizontal_reflection,medium_y_negative_003,1,frame_000001.png
403,run_20260720_210122__000275,sample_000403_original.png,0.03,centre,original,run_20260720_210122,275,frame_000275.png
404,run_20260720_210122__000275,sample_000404_mirrored.png,-0.03,centre,horizontal_reflection,run_20260720_210122,275,frame_000275.png
405,run_20260720_210122__000097,sample_000405_original.png,-0.027132,centre,original,run_20260720_210122,97,frame_000097.png
406,run_20260720_210122__000097,sample_000406_mirrored.png,0.027132,centre,horizontal_reflection,run_20260720_210122,97,frame_000097.png
407,medium_y_negative_003__000062,sample_000407_original.png,-0.008808,centre,original,medium_y_negative_003,62,frame_000062.png
408,medium_y_negative_003__000062,sample_000408_mirrored.png,0.008808,centre,horizontal_reflection,medium_y_negative_003,62,frame_000062.png
409,run_20260720_210122__000003,sample_000409_original.png,-0.081352,medium_negative,original,run_20260720_210122,3,frame_000003.png
410,run_20260720_210122__000003,sample_000410_mirrored.png,0.081352,medium_positive,horizontal_reflection,run_20260720_210122,3,frame_000003.png
411,run_20260720_210122__000388,sample_000411_original.png,0.037499,centre,original,run_20260720_210122,388,frame_000388.png
412,run_20260720_210122__000388,sample_000412_mirrored.png,-0.037499,centre,horizontal_reflection,run_20260720_210122,388,frame_000388.png
413,recovery_y_negative_005__000034,sample_000413_original.png,-0.118405,medium_negative,original,recovery_y_negative_005,34,frame_000034.png
414,recovery_y_negative_005__000034,sample_000414_mirrored.png,0.118405,medium_positive,horizontal_reflection,recovery_y_negative_005,34,frame_000034.png
415,run_20260720_210122__000420,sample_000415_original.png,0.007352,centre,original,run_20260720_210122,420,frame_000420.png
416,run_20260720_210122__000420,sample_000416_mirrored.png,-0.007352,centre,horizontal_reflection,run_20260720_210122,420,frame_000420.png
417,run_20260720_210122__000091,sample_000417_original.png,-0.039712,centre,original,run_20260720_210122,91,frame_000091.png
418,run_20260720_210122__000091,sample_000418_mirrored.png,0.039712,centre,horizontal_reflection,run_20260720_210122,91,frame_000091.png
419,recovery_y_positive_005__000020,sample_000419_original.png,0.205152,strong_positive,original,recovery_y_positive_005,20,frame_000020.png
420,recovery_y_positive_005__000020,sample_000420_mirrored.png,-0.205152,strong_negative,horizontal_reflection,recovery_y_positive_005,20,frame_000020.png
421,recovery_y_negative_005__000039,sample_000421_original.png,-0.086402,medium_negative,original,recovery_y_negative_005,39,frame_000039.png
422,recovery_y_negative_005__000039,sample_000422_mirrored.png,0.086402,medium_positive,horizontal_reflection,recovery_y_negative_005,39,frame_000039.png
423,run_20260720_210122__000147,sample_000423_original.png,0.008957,centre,original,run_20260720_210122,147,frame_000147.png
424,run_20260720_210122__000147,sample_000424_mirrored.png,-0.008957,centre,horizontal_reflection,run_20260720_210122,147,frame_000147.png
425,recovery_y_negative_005__000092,sample_000425_original.png,0.038261,centre,original,recovery_y_negative_005,92,frame_000092.png
426,recovery_y_negative_005__000092,sample_000426_mirrored.png,-0.038261,centre,horizontal_reflection,recovery_y_negative_005,92,frame_000092.png
427,medium_y_positive_003__000038,sample_000427_original.png,0.001835,centre,original,medium_y_positive_003,38,frame_000038.png
428,medium_y_positive_003__000038,sample_000428_mirrored.png,-0.001835,centre,horizontal_reflection,medium_y_positive_003,38,frame_000038.png
429,medium_y_positive_003__000002,sample_000429_original.png,0.742728,strong_positive,original,medium_y_positive_003,2,frame_000002.png
430,medium_y_positive_003__000002,sample_000430_mirrored.png,-0.742728,strong_negative,horizontal_reflection,medium_y_positive_003,2,frame_000002.png
431,recovery_y_positive_005__000086,sample_000431_original.png,-0.092286,medium_negative,original,recovery_y_positive_005,86,frame_000086.png
432,recovery_y_positive_005__000086,sample_000432_mirrored.png,0.092286,medium_positive,horizontal_reflection,recovery_y_positive_005,86,frame_000086.png
433,medium_y_negative_003__000059,sample_000433_original.png,-0.000323,centre,original,medium_y_negative_003,59,frame_000059.png
434,medium_y_negative_003__000059,sample_000434_mirrored.png,0.000323,centre,horizontal_reflection,medium_y_negative_003,59,frame_000059.png
435,recovery_y_positive_005__000023,sample_000435_original.png,0.160934,strong_positive,original,recovery_y_positive_005,23,frame_000023.png
436,recovery_y_positive_005__000023,sample_000436_mirrored.png,-0.160934,strong_negative,horizontal_reflection,recovery_y_positive_005,23,frame_000023.png
437,recovery_y_negative_005__000002,sample_000437_original.png,-1.0,strong_negative,original,recovery_y_negative_005,2,frame_000002.png
438,recovery_y_negative_005__000002,sample_000438_mirrored.png,1.0,strong_positive,horizontal_reflection,recovery_y_negative_005,2,frame_000002.png
439,recovery_y_positive_005__000044,sample_000439_original.png,-0.007301,centre,original,recovery_y_positive_005,44,frame_000044.png
440,recovery_y_positive_005__000044,sample_000440_mirrored.png,0.007301,centre,horizontal_reflection,recovery_y_positive_005,44,frame_000044.png
441,recovery_y_negative_005__000026,sample_000441_original.png,-0.188432,strong_negative,original,recovery_y_negative_005,26,frame_000026.png
442,recovery_y_negative_005__000026,sample_000442_mirrored.png,0.188432,strong_positive,horizontal_reflection,recovery_y_negative_005,26,frame_000026.png
443,medium_y_negative_003__000058,sample_000443_original.png,-0.013782,centre,original,medium_y_negative_003,58,frame_000058.png
444,medium_y_negative_003__000058,sample_000444_mirrored.png,0.013782,centre,horizontal_reflection,medium_y_negative_003,58,frame_000058.png
445,run_20260720_210122__000089,sample_000445_original.png,-0.039669,centre,original,run_20260720_210122,89,frame_000089.png
446,run_20260720_210122__000089,sample_000446_mirrored.png,0.039669,centre,horizontal_reflection,run_20260720_210122,89,frame_000089.png
447,medium_y_positive_003__000008,sample_000447_original.png,0.30156,strong_positive,original,medium_y_positive_003,8,frame_000008.png
448,medium_y_positive_003__000008,sample_000448_mirrored.png,-0.30156,strong_negative,horizontal_reflection,medium_y_positive_003,8,frame_000008.png
449,medium_y_negative_003__000031,sample_000449_original.png,-0.099574,medium_negative,original,medium_y_negative_003,31,frame_000031.png
450,medium_y_negative_003__000031,sample_000450_mirrored.png,0.099574,medium_positive,horizontal_reflection,medium_y_negative_003,31,frame_000031.png
451,run_20260720_210122__000189,sample_000451_original.png,0.015043,centre,original,run_20260720_210122,189,frame_000189.png
452,run_20260720_210122__000189,sample_000452_mirrored.png,-0.015043,centre,horizontal_reflection,run_20260720_210122,189,frame_000189.png
453,recovery_y_positive_005__000056,sample_000453_original.png,-0.053588,medium_negative,original,recovery_y_positive_005,56,frame_000056.png
454,recovery_y_positive_005__000056,sample_000454_mirrored.png,0.053588,medium_positive,horizontal_reflection,recovery_y_positive_005,56,frame_000056.png
455,run_20260720_210122__000353,sample_000455_original.png,0.037653,centre,original,run_20260720_210122,353,frame_000353.png
456,run_20260720_210122__000353,sample_000456_mirrored.png,-0.037653,centre,horizontal_reflection,run_20260720_210122,353,frame_000353.png
457,recovery_y_positive_005__000077,sample_000457_original.png,-0.087224,medium_negative,original,recovery_y_positive_005,77,frame_000077.png
458,recovery_y_positive_005__000077,sample_000458_mirrored.png,0.087224,medium_positive,horizontal_reflection,recovery_y_positive_005,77,frame_000077.png
459,run_20260720_210122__000281,sample_000459_original.png,0.027966,centre,original,run_20260720_210122,281,frame_000281.png
460,run_20260720_210122__000281,sample_000460_mirrored.png,-0.027966,centre,horizontal_reflection,run_20260720_210122,281,frame_000281.png
461,recovery_y_negative_005__000004,sample_000461_original.png,-1.0,strong_negative,original,recovery_y_negative_005,4,frame_000004.png
462,recovery_y_negative_005__000004,sample_000462_mirrored.png,1.0,strong_positive,horizontal_reflection,recovery_y_negative_005,4,frame_000004.png
463,medium_y_negative_003__000033,sample_000463_original.png,-0.085831,medium_negative,original,medium_y_negative_003,33,frame_000033.png
464,medium_y_negative_003__000033,sample_000464_mirrored.png,0.085831,medium_positive,horizontal_reflection,medium_y_negative_003,33,frame_000033.png
465,recovery_y_positive_005__000082,sample_000465_original.png,-0.097225,medium_negative,original,recovery_y_positive_005,82,frame_000082.png
466,recovery_y_positive_005__000082,sample_000466_mirrored.png,0.097225,medium_positive,horizontal_reflection,recovery_y_positive_005,82,frame_000082.png
467,medium_y_negative_003__000006,sample_000467_original.png,-0.566895,strong_negative,original,medium_y_negative_003,6,frame_000006.png
468,medium_y_negative_003__000006,sample_000468_mirrored.png,0.566895,strong_positive,horizontal_reflection,medium_y_negative_003,6,frame_000006.png
469,recovery_y_positive_005__000006,sample_000469_original.png,0.822888,strong_positive,original,recovery_y_positive_005,6,frame_000006.png
470,recovery_y_positive_005__000006,sample_000470_mirrored.png,-0.822888,strong_negative,horizontal_reflection,recovery_y_positive_005,6,frame_000006.png
471,recovery_y_positive_005__000029,sample_000471_original.png,0.094489,medium_positive,original,recovery_y_positive_005,29,frame_000029.png
472,recovery_y_positive_005__000029,sample_000472_mirrored.png,-0.094489,medium_negative,horizontal_reflection,recovery_y_positive_005,29,frame_000029.png
473,recovery_y_positive_005__000022,sample_000473_original.png,0.17128,strong_positive,original,recovery_y_positive_005,22,frame_000022.png
474,recovery_y_positive_005__000022,sample_000474_mirrored.png,-0.17128,strong_negative,horizontal_reflection,recovery_y_positive_005,22,frame_000022.png
475,medium_y_negative_003__000017,sample_000475_original.png,-0.20156,strong_negative,original,medium_y_negative_003,17,frame_000017.png
476,medium_y_negative_003__000017,sample_000476_mirrored.png,0.20156,strong_positive,horizontal_reflection,medium_y_negative_003,17,frame_000017.png
477,medium_y_positive_003__000017,sample_000477_original.png,0.120674,medium_positive,original,medium_y_positive_003,17,frame_000017.png
478,medium_y_positive_003__000017,sample_000478_mirrored.png,-0.120674,medium_negative,horizontal_reflection,medium_y_positive_003,17,frame_000017.png
479,medium_y_negative_003__000049,sample_000479_original.png,-0.03004,centre,original,medium_y_negative_003,49,frame_000049.png
480,medium_y_negative_003__000049,sample_000480_mirrored.png,0.03004,centre,horizontal_reflection,medium_y_negative_003,49,frame_000049.png
481,run_20260720_210122__000184,sample_000481_original.png,0.015771,centre,original,run_20260720_210122,184,frame_000184.png
482,run_20260720_210122__000184,sample_000482_mirrored.png,-0.015771,centre,horizontal_reflection,run_20260720_210122,184,frame_000184.png
483,medium_y_positive_003__000025,sample_000483_original.png,0.052503,medium_positive,original,medium_y_positive_003,25,frame_000025.png
484,medium_y_positive_003__000025,sample_000484_mirrored.png,-0.052503,medium_negative,horizontal_reflection,medium_y_positive_003,25,frame_000025.png
485,run_20260720_210122__000254,sample_000485_original.png,0.032893,centre,original,run_20260720_210122,254,frame_000254.png
486,run_20260720_210122__000254,sample_000486_mirrored.png,-0.032893,centre,horizontal_reflection,run_20260720_210122,254,frame_000254.png
487,run_20260720_210122__000062,sample_000487_original.png,-0.030242,centre,original,run_20260720_210122,62,frame_000062.png
488,run_20260720_210122__000062,sample_000488_mirrored.png,0.030242,centre,horizontal_reflection,run_20260720_210122,62,frame_000062.png
489,medium_y_positive_003__000006,sample_000489_original.png,0.437096,strong_positive,original,medium_y_positive_003,6,frame_000006.png
490,medium_y_positive_003__000006,sample_000490_mirrored.png,-0.437096,strong_negative,horizontal_reflection,medium_y_positive_003,6,frame_000006.png
491,run_20260720_210122__000203,sample_000491_original.png,0.022631,centre,original,run_20260720_210122,203,frame_000203.png
492,run_20260720_210122__000203,sample_000492_mirrored.png,-0.022631,centre,horizontal_reflection,run_20260720_210122,203,frame_000203.png
493,recovery_y_positive_005__000063,sample_000493_original.png,-0.072274,medium_negative,original,recovery_y_positive_005,63,frame_000063.png
494,recovery_y_positive_005__000063,sample_000494_mirrored.png,0.072274,medium_positive,horizontal_reflection,recovery_y_positive_005,63,frame_000063.png
495,run_20260720_210122__000218,sample_000495_original.png,0.030687,centre,original,run_20260720_210122,218,frame_000218.png
496,run_20260720_210122__000218,sample_000496_mirrored.png,-0.030687,centre,horizontal_reflection,run_20260720_210122,218,frame_000218.png
497,run_20260720_210122__000455,sample_000497_original.png,-0.000816,centre,original,run_20260720_210122,455,frame_000455.png
498,run_20260720_210122__000455,sample_000498_mirrored.png,0.000816,centre,horizontal_reflection,run_20260720_210122,455,frame_000455.png
499,recovery_y_negative_005__000014,sample_000499_original.png,-0.390243,strong_negative,original,recovery_y_negative_005,14,frame_000014.png
500,recovery_y_negative_005__000014,sample_000500_mirrored.png,0.390243,strong_positive,horizontal_reflection,recovery_y_negative_005,14,frame_000014.png
501,medium_y_positive_003__000042,sample_000501_original.png,-0.022688,centre,original,medium_y_positive_003,42,frame_000042.png
502,medium_y_positive_003__000042,sample_000502_mirrored.png,0.022688,centre,horizontal_reflection,medium_y_positive_003,42,frame_000042.png
503,medium_y_negative_003__000025,sample_000503_original.png,-0.131301,medium_negative,original,medium_y_negative_003,25,frame_000025.png
504,medium_y_negative_003__000025,sample_000504_mirrored.png,0.131301,medium_positive,horizontal_reflection,medium_y_negative_003,25,frame_000025.png
505,recovery_y_negative_005__000063,sample_000505_original.png,0.016546,centre,original,recovery_y_negative_005,63,frame_000063.png
506,recovery_y_negative_005__000063,sample_000506_mirrored.png,-0.016546,centre,horizontal_reflection,recovery_y_negative_005,63,frame_000063.png
507,recovery_y_negative_005__000042,sample_000507_original.png,-0.053205,medium_negative,original,recovery_y_negative_005,42,frame_000042.png
508,recovery_y_negative_005__000042,sample_000508_mirrored.png,0.053205,medium_positive,horizontal_reflection,recovery_y_negative_005,42,frame_000042.png
509,recovery_y_positive_005__000051,sample_000509_original.png,-0.050107,medium_negative,original,recovery_y_positive_005,51,frame_000051.png
510,recovery_y_positive_005__000051,sample_000510_mirrored.png,0.050107,medium_positive,horizontal_reflection,recovery_y_positive_005,51,frame_000051.png
511,recovery_y_negative_005__000008,sample_000511_original.png,-0.683969,strong_negative,original,recovery_y_negative_005,8,frame_000008.png
512,recovery_y_negative_005__000008,sample_000512_mirrored.png,0.683969,strong_positive,horizontal_reflection,recovery_y_negative_005,8,frame_000008.png
513,run_20260720_210122__000206,sample_000513_original.png,0.022523,centre,original,run_20260720_210122,206,frame_000206.png
514,run_20260720_210122__000206,sample_000514_mirrored.png,-0.022523,centre,horizontal_reflection,run_20260720_210122,206,frame_000206.png
515,run_20260720_210122__000077,sample_000515_original.png,-0.03,centre,original,run_20260720_210122,77,frame_000077.png
516,run_20260720_210122__000077,sample_000516_mirrored.png,0.03,centre,horizontal_reflection,run_20260720_210122,77,frame_000077.png
517,run_20260720_210122__000444,sample_000517_original.png,-0.01586,centre,original,run_20260720_210122,444,frame_000444.png
518,run_20260720_210122__000444,sample_000518_mirrored.png,0.01586,centre,horizontal_reflection,run_20260720_210122,444,frame_000444.png
519,run_20260720_210122__000336,sample_000519_original.png,0.025748,centre,original,run_20260720_210122,336,frame_000336.png
520,run_20260720_210122__000336,sample_000520_mirrored.png,-0.025748,centre,horizontal_reflection,run_20260720_210122,336,frame_000336.png
521,run_20260720_210122__000007,sample_000521_original.png,-0.050226,medium_negative,original,run_20260720_210122,7,frame_000007.png
522,run_20260720_210122__000007,sample_000522_mirrored.png,0.050226,medium_positive,horizontal_reflection,run_20260720_210122,7,frame_000007.png
523,run_20260720_210122__000309,sample_000523_original.png,0.0375,centre,original,run_20260720_210122,309,frame_000309.png
524,run_20260720_210122__000309,sample_000524_mirrored.png,-0.0375,centre,horizontal_reflection,run_20260720_210122,309,frame_000309.png
525,run_20260720_210122__000040,sample_000525_original.png,-0.022353,centre,original,run_20260720_210122,40,frame_000040.png
526,run_20260720_210122__000040,sample_000526_mirrored.png,0.022353,centre,horizontal_reflection,run_20260720_210122,40,frame_000040.png
527,recovery_y_negative_005__000019,sample_000527_original.png,-0.300162,strong_negative,original,recovery_y_negative_005,19,frame_000019.png
528,recovery_y_negative_005__000019,sample_000528_mirrored.png,0.300162,strong_positive,horizontal_reflection,recovery_y_negative_005,19,frame_000019.png
529,run_20260720_210122__000430,sample_000529_original.png,-0.012128,centre,original,run_20260720_210122,430,frame_000430.png
530,run_20260720_210122__000430,sample_000530_mirrored.png,0.012128,centre,horizontal_reflection,run_20260720_210122,430,frame_000430.png
531,run_20260720_210122__000005,sample_000531_original.png,-0.045312,centre,original,run_20260720_210122,5,frame_000005.png
532,run_20260720_210122__000005,sample_000532_mirrored.png,0.045312,centre,horizontal_reflection,run_20260720_210122,5,frame_000005.png
533,medium_y_negative_003__000051,sample_000533_original.png,-0.020947,centre,original,medium_y_negative_003,51,frame_000051.png
534,medium_y_negative_003__000051,sample_000534_mirrored.png,0.020947,centre,horizontal_reflection,medium_y_negative_003,51,frame_000051.png
535,medium_y_negative_003__000018,sample_000535_original.png,-0.187394,strong_negative,original,medium_y_negative_003,18,frame_000018.png
536,medium_y_negative_003__000018,sample_000536_mirrored.png,0.187394,strong_positive,horizontal_reflection,medium_y_negative_003,18,frame_000018.png
537,recovery_y_negative_005__000017,sample_000537_original.png,-0.323442,strong_negative,original,recovery_y_negative_005,17,frame_000017.png
538,recovery_y_negative_005__000017,sample_000538_mirrored.png,0.323442,strong_positive,horizontal_reflection,recovery_y_negative_005,17,frame_000017.png
539,run_20260720_210122__000285,sample_000539_original.png,0.024086,centre,original,run_20260720_210122,285,frame_000285.png
540,run_20260720_210122__000285,sample_000540_mirrored.png,-0.024086,centre,horizontal_reflection,run_20260720_210122,285,frame_000285.png
541,recovery_y_positive_005__000073,sample_000541_original.png,-0.079081,medium_negative,original,recovery_y_positive_005,73,frame_000073.png
542,recovery_y_positive_005__000073,sample_000542_mirrored.png,0.079081,medium_positive,horizontal_reflection,recovery_y_positive_005,73,frame_000073.png
543,recovery_y_positive_005__000059,sample_000543_original.png,-0.072003,medium_negative,original,recovery_y_positive_005,59,frame_000059.png
544,recovery_y_positive_005__000059,sample_000544_mirrored.png,0.072003,medium_positive,horizontal_reflection,recovery_y_positive_005,59,frame_000059.png
545,recovery_y_positive_005__000026,sample_000545_original.png,0.124006,medium_positive,original,recovery_y_positive_005,26,frame_000026.png
546,recovery_y_positive_005__000026,sample_000546_mirrored.png,-0.124006,medium_negative,horizontal_reflection,recovery_y_positive_005,26,frame_000026.png
547,run_20260720_210122__000165,sample_000547_original.png,0.015012,centre,original,run_20260720_210122,165,frame_000165.png
548,run_20260720_210122__000165,sample_000548_mirrored.png,-0.015012,centre,horizontal_reflection,run_20260720_210122,165,frame_000165.png
549,run_20260720_210122__000363,sample_000549_original.png,0.0375,centre,original,run_20260720_210122,363,frame_000363.png
550,run_20260720_210122__000363,sample_000550_mirrored.png,-0.0375,centre,horizontal_reflection,run_20260720_210122,363,frame_000363.png
551,run_20260720_210122__000376,sample_000551_original.png,0.036446,centre,original,run_20260720_210122,376,frame_000376.png
552,run_20260720_210122__000376,sample_000552_mirrored.png,-0.036446,centre,horizontal_reflection,run_20260720_210122,376,frame_000376.png
553,recovery_y_positive_005__000021,sample_000553_original.png,0.180075,strong_positive,original,recovery_y_positive_005,21,frame_000021.png
554,recovery_y_positive_005__000021,sample_000554_mirrored.png,-0.180075,strong_negative,horizontal_reflection,recovery_y_positive_005,21,frame_000021.png
555,medium_y_positive_003__000031,sample_000555_original.png,0.029811,centre,original,medium_y_positive_003,31,frame_000031.png
556,medium_y_positive_003__000031,sample_000556_mirrored.png,-0.029811,centre,horizontal_reflection,medium_y_positive_003,31,frame_000031.png
557,run_20260720_210122__000325,sample_000557_original.png,0.029991,centre,original,run_20260720_210122,325,frame_000325.png
558,run_20260720_210122__000325,sample_000558_mirrored.png,-0.029991,centre,horizontal_reflection,run_20260720_210122,325,frame_000325.png
559,run_20260720_210122__000338,sample_000559_original.png,0.025476,centre,original,run_20260720_210122,338,frame_000338.png
560,run_20260720_210122__000338,sample_000560_mirrored.png,-0.025476,centre,horizontal_reflection,run_20260720_210122,338,frame_000338.png
561,medium_y_negative_003__000009,sample_000561_original.png,-0.358683,strong_negative,original,medium_y_negative_003,9,frame_000009.png
562,medium_y_negative_003__000009,sample_000562_mirrored.png,0.358683,strong_positive,horizontal_reflection,medium_y_negative_003,9,frame_000009.png
563,run_20260720_210122__000296,sample_000563_original.png,0.037524,centre,original,run_20260720_210122,296,frame_000296.png
564,run_20260720_210122__000296,sample_000564_mirrored.png,-0.037524,centre,horizontal_reflection,run_20260720_210122,296,frame_000296.png
565,medium_y_positive_003__000013,sample_000565_original.png,0.166369,strong_positive,original,medium_y_positive_003,13,frame_000013.png
566,medium_y_positive_003__000013,sample_000566_mirrored.png,-0.166369,strong_negative,horizontal_reflection,medium_y_positive_003,13,frame_000013.png
567,recovery_y_positive_005__000074,sample_000567_original.png,-0.093699,medium_negative,original,recovery_y_positive_005,74,frame_000074.png
568,recovery_y_positive_005__000074,sample_000568_mirrored.png,0.093699,medium_positive,horizontal_reflection,recovery_y_positive_005,74,frame_000074.png
569,medium_y_positive_003__000010,sample_000569_original.png,0.228312,strong_positive,original,medium_y_positive_003,10,frame_000010.png
570,medium_y_positive_003__000010,sample_000570_mirrored.png,-0.228312,strong_negative,horizontal_reflection,medium_y_positive_003,10,frame_000010.png
571,medium_y_positive_003__000003,sample_000571_original.png,0.93978,strong_positive,original,medium_y_positive_003,3,frame_000003.png
572,medium_y_positive_003__000003,sample_000572_mirrored.png,-0.93978,strong_negative,horizontal_reflection,medium_y_positive_003,3,frame_000003.png
573,recovery_y_positive_005__000002,sample_000573_original.png,1.0,strong_positive,original,recovery_y_positive_005,2,frame_000002.png
574,recovery_y_positive_005__000002,sample_000574_mirrored.png,-1.0,strong_negative,horizontal_reflection,recovery_y_positive_005,2,frame_000002.png
575,recovery_y_positive_005__000076,sample_000575_original.png,-0.088799,medium_negative,original,recovery_y_positive_005,76,frame_000076.png
576,recovery_y_positive_005__000076,sample_000576_mirrored.png,0.088799,medium_positive,horizontal_reflection,recovery_y_positive_005,76,frame_000076.png
577,recovery_y_positive_005__000008,sample_000577_original.png,0.556299,strong_positive,original,recovery_y_positive_005,8,frame_000008.png
578,recovery_y_positive_005__000008,sample_000578_mirrored.png,-0.556299,strong_negative,horizontal_reflection,recovery_y_positive_005,8,frame_000008.png
579,medium_y_negative_003__000003,sample_000579_original.png,-1.0,strong_negative,original,medium_y_negative_003,3,frame_000003.png
580,medium_y_negative_003__000003,sample_000580_mirrored.png,1.0,strong_positive,horizontal_reflection,medium_y_negative_003,3,frame_000003.png
581,recovery_y_positive_005__000034,sample_000581_original.png,0.058067,medium_positive,original,recovery_y_positive_005,34,frame_000034.png
582,recovery_y_positive_005__000034,sample_000582_mirrored.png,-0.058067,medium_negative,horizontal_reflection,recovery_y_positive_005,34,frame_000034.png
583,run_20260720_210122__000029,sample_000583_original.png,-0.029853,centre,original,run_20260720_210122,29,frame_000029.png
584,run_20260720_210122__000029,sample_000584_mirrored.png,0.029853,centre,horizontal_reflection,run_20260720_210122,29,frame_000029.png
585,run_20260720_210122__000252,sample_000585_original.png,0.014362,centre,original,run_20260720_210122,252,frame_000252.png
586,run_20260720_210122__000252,sample_000586_mirrored.png,-0.014362,centre,horizontal_reflection,run_20260720_210122,252,frame_000252.png
587,run_20260720_210122__000215,sample_000587_original.png,0.015507,centre,original,run_20260720_210122,215,frame_000215.png
588,run_20260720_210122__000215,sample_000588_mirrored.png,-0.015507,centre,horizontal_reflection,run_20260720_210122,215,frame_000215.png
589,run_20260720_210122__000360,sample_000589_original.png,0.037503,centre,original,run_20260720_210122,360,frame_000360.png
590,run_20260720_210122__000360,sample_000590_mirrored.png,-0.037503,centre,horizontal_reflection,run_20260720_210122,360,frame_000360.png
591,run_20260720_210122__000125,sample_000591_original.png,-0.014537,centre,original,run_20260720_210122,125,frame_000125.png
592,run_20260720_210122__000125,sample_000592_mirrored.png,0.014537,centre,horizontal_reflection,run_20260720_210122,125,frame_000125.png
593,run_20260720_210122__000216,sample_000593_original.png,0.03217,centre,original,run_20260720_210122,216,frame_000216.png
594,run_20260720_210122__000216,sample_000594_mirrored.png,-0.03217,centre,horizontal_reflection,run_20260720_210122,216,frame_000216.png
595,run_20260720_210122__000288,sample_000595_original.png,0.039904,centre,original,run_20260720_210122,288,frame_000288.png
596,run_20260720_210122__000288,sample_000596_mirrored.png,-0.039904,centre,horizontal_reflection,run_20260720_210122,288,frame_000288.png
597,run_20260720_210122__000111,sample_000597_original.png,-0.029994,centre,original,run_20260720_210122,111,frame_000111.png
598,run_20260720_210122__000111,sample_000598_mirrored.png,0.029994,centre,horizontal_reflection,run_20260720_210122,111,frame_000111.png
599,run_20260720_210122__000294,sample_000599_original.png,0.037576,centre,original,run_20260720_210122,294,frame_000294.png
600,run_20260720_210122__000294,sample_000600_mirrored.png,-0.037576,centre,horizontal_reflection,run_20260720_210122,294,frame_000294.png
601,run_20260720_210122__000377,sample_000601_original.png,0.036907,centre,original,run_20260720_210122,377,frame_000377.png
602,run_20260720_210122__000377,sample_000602_mirrored.png,-0.036907,centre,horizontal_reflection,run_20260720_210122,377,frame_000377.png
603,medium_y_positive_003__000043,sample_000603_original.png,-0.017016,centre,original,medium_y_positive_003,43,frame_000043.png
604,medium_y_positive_003__000043,sample_000604_mirrored.png,0.017016,centre,horizontal_reflection,medium_y_positive_003,43,frame_000043.png
605,run_20260720_210122__000115,sample_000605_original.png,-0.021051,centre,original,run_20260720_210122,115,frame_000115.png
606,run_20260720_210122__000115,sample_000606_mirrored.png,0.021051,centre,horizontal_reflection,run_20260720_210122,115,frame_000115.png
607,run_20260720_210122__000238,sample_000607_original.png,0.029863,centre,original,run_20260720_210122,238,frame_000238.png
608,run_20260720_210122__000238,sample_000608_mirrored.png,-0.029863,centre,horizontal_reflection,run_20260720_210122,238,frame_000238.png
609,run_20260720_210122__000144,sample_000609_original.png,0.015685,centre,original,run_20260720_210122,144,frame_000144.png
610,run_20260720_210122__000144,sample_000610_mirrored.png,-0.015685,centre,horizontal_reflection,run_20260720_210122,144,frame_000144.png
611,run_20260720_210122__000378,sample_000611_original.png,0.037167,centre,original,run_20260720_210122,378,frame_000378.png
612,run_20260720_210122__000378,sample_000612_mirrored.png,-0.037167,centre,horizontal_reflection,run_20260720_210122,378,frame_000378.png
613,run_20260720_210122__000117,sample_000613_original.png,-0.022042,centre,original,run_20260720_210122,117,frame_000117.png
614,run_20260720_210122__000117,sample_000614_mirrored.png,0.022042,centre,horizontal_reflection,run_20260720_210122,117,frame_000117.png
615,medium_y_negative_003__000008,sample_000615_original.png,-0.395796,strong_negative,original,medium_y_negative_003,8,frame_000008.png
616,medium_y_negative_003__000008,sample_000616_mirrored.png,0.395796,strong_positive,horizontal_reflection,medium_y_negative_003,8,frame_000008.png
617,recovery_y_positive_005__000055,sample_000617_original.png,-0.058951,medium_negative,original,recovery_y_positive_005,55,frame_000055.png
618,recovery_y_positive_005__000055,sample_000618_mirrored.png,0.058951,medium_positive,horizontal_reflection,recovery_y_positive_005,55,frame_000055.png
619,run_20260720_210122__000009,sample_000619_original.png,-0.036142,centre,original,run_20260720_210122,9,frame_000009.png
620,run_20260720_210122__000009,sample_000620_mirrored.png,0.036142,centre,horizontal_reflection,run_20260720_210122,9,frame_000009.png
621,medium_y_negative_003__000037,sample_000621_original.png,-0.072574,medium_negative,original,medium_y_negative_003,37,frame_000037.png
622,medium_y_negative_003__000037,sample_000622_mirrored.png,0.072574,medium_positive,horizontal_reflection,medium_y_negative_003,37,frame_000037.png
623,run_20260720_210122__000174,sample_000623_original.png,0.000989,centre,original,run_20260720_210122,174,frame_000174.png
624,run_20260720_210122__000174,sample_000624_mirrored.png,-0.000989,centre,horizontal_reflection,run_20260720_210122,174,frame_000174.png
625,run_20260720_210122__000080,sample_000625_original.png,-0.040957,centre,original,run_20260720_210122,80,frame_000080.png
626,run_20260720_210122__000080,sample_000626_mirrored.png,0.040957,centre,horizontal_reflection,run_20260720_210122,80,frame_000080.png
627,recovery_y_negative_005__000024,sample_000627_original.png,-0.227594,strong_negative,original,recovery_y_negative_005,24,frame_000024.png
628,recovery_y_negative_005__000024,sample_000628_mirrored.png,0.227594,strong_positive,horizontal_reflection,recovery_y_negative_005,24,frame_000024.png
629,recovery_y_positive_005__000065,sample_000629_original.png,-0.082542,medium_negative,original,recovery_y_positive_005,65,frame_000065.png
630,recovery_y_positive_005__000065,sample_000630_mirrored.png,0.082542,medium_positive,horizontal_reflection,recovery_y_positive_005,65,frame_000065.png
631,run_20260720_210122__000002,sample_000631_original.png,-0.110477,medium_negative,original,run_20260720_210122,2,frame_000002.png
632,run_20260720_210122__000002,sample_000632_mirrored.png,0.110477,medium_positive,horizontal_reflection,run_20260720_210122,2,frame_000002.png
633,recovery_y_positive_005__000061,sample_000633_original.png,-0.06347,medium_negative,original,recovery_y_positive_005,61,frame_000061.png
634,recovery_y_positive_005__000061,sample_000634_mirrored.png,0.06347,medium_positive,horizontal_reflection,recovery_y_positive_005,61,frame_000061.png
635,recovery_y_positive_005__000092,sample_000635_original.png,-0.090407,medium_negative,original,recovery_y_positive_005,92,frame_000092.png
636,recovery_y_positive_005__000092,sample_000636_mirrored.png,0.090407,medium_positive,horizontal_reflection,recovery_y_positive_005,92,frame_000092.png
637,medium_y_positive_003__000039,sample_000637_original.png,-0.008637,centre,original,medium_y_positive_003,39,frame_000039.png
638,medium_y_positive_003__000039,sample_000638_mirrored.png,0.008637,centre,horizontal_reflection,medium_y_positive_003,39,frame_000039.png
639,recovery_y_positive_005__000028,sample_000639_original.png,0.110186,medium_positive,original,recovery_y_positive_005,28,frame_000028.png
640,recovery_y_positive_005__000028,sample_000640_mirrored.png,-0.110186,medium_negative,horizontal_reflection,recovery_y_positive_005,28,frame_000028.png
641,run_20260720_210122__000404,sample_000641_original.png,0.02204,centre,original,run_20260720_210122,404,frame_000404.png
642,run_20260720_210122__000404,sample_000642_mirrored.png,-0.02204,centre,horizontal_reflection,run_20260720_210122,404,frame_000404.png
643,recovery_y_negative_005__000010,sample_000643_original.png,-0.539922,strong_negative,original,recovery_y_negative_005,10,frame_000010.png
644,recovery_y_negative_005__000010,sample_000644_mirrored.png,0.539922,strong_positive,horizontal_reflection,recovery_y_negative_005,10,frame_000010.png
645,recovery_y_positive_005__000064,sample_000645_original.png,-0.069206,medium_negative,original,recovery_y_positive_005,64,frame_000064.png
646,recovery_y_positive_005__000064,sample_000646_mirrored.png,0.069206,medium_positive,horizontal_reflection,recovery_y_positive_005,64,frame_000064.png
647,run_20260720_210122__000046,sample_000647_original.png,-0.020969,centre,original,run_20260720_210122,46,frame_000046.png
648,run_20260720_210122__000046,sample_000648_mirrored.png,0.020969,centre,horizontal_reflection,run_20260720_210122,46,frame_000046.png
649,run_20260720_210122__000013,sample_000649_original.png,-0.044113,centre,original,run_20260720_210122,13,frame_000013.png
650,run_20260720_210122__000013,sample_000650_mirrored.png,0.044113,centre,horizontal_reflection,run_20260720_210122,13,frame_000013.png
651,recovery_y_positive_005__000007,sample_000651_original.png,0.670187,strong_positive,original,recovery_y_positive_005,7,frame_000007.png
652,recovery_y_positive_005__000007,sample_000652_mirrored.png,-0.670187,strong_negative,horizontal_reflection,recovery_y_positive_005,7,frame_000007.png
653,run_20260720_210122__000199,sample_000653_original.png,0.023806,centre,original,run_20260720_210122,199,frame_000199.png
654,run_20260720_210122__000199,sample_000654_mirrored.png,-0.023806,centre,horizontal_reflection,run_20260720_210122,199,frame_000199.png
655,recovery_y_negative_005__000007,sample_000655_original.png,-0.818765,strong_negative,original,recovery_y_negative_005,7,frame_000007.png
656,recovery_y_negative_005__000007,sample_000656_mirrored.png,0.818765,strong_positive,horizontal_reflection,recovery_y_negative_005,7,frame_000007.png
657,run_20260720_210122__000210,sample_000657_original.png,0.03814,centre,original,run_20260720_210122,210,frame_000210.png
658,run_20260720_210122__000210,sample_000658_mirrored.png,-0.03814,centre,horizontal_reflection,run_20260720_210122,210,frame_000210.png
659,medium_y_negative_003__000013,sample_000659_original.png,-0.254353,strong_negative,original,medium_y_negative_003,13,frame_000013.png
660,medium_y_negative_003__000013,sample_000660_mirrored.png,0.254353,strong_positive,horizontal_reflection,medium_y_negative_003,13,frame_000013.png
661,run_20260720_210122__000195,sample_000661_original.png,0.029114,centre,original,run_20260720_210122,195,frame_000195.png
662,run_20260720_210122__000195,sample_000662_mirrored.png,-0.029114,centre,horizontal_reflection,run_20260720_210122,195,frame_000195.png
663,recovery_y_positive_005__000038,sample_000663_original.png,0.026965,centre,original,recovery_y_positive_005,38,frame_000038.png
664,recovery_y_positive_005__000038,sample_000664_mirrored.png,-0.026965,centre,horizontal_reflection,recovery_y_positive_005,38,frame_000038.png
665,medium_y_positive_003__000009,sample_000665_original.png,0.246118,strong_positive,original,medium_y_positive_003,9,frame_000009.png
666,medium_y_positive_003__000009,sample_000666_mirrored.png,-0.246118,strong_negative,horizontal_reflection,medium_y_positive_003,9,frame_000009.png
667,run_20260720_210122__000116,sample_000667_original.png,-0.021685,centre,original,run_20260720_210122,116,frame_000116.png
668,run_20260720_210122__000116,sample_000668_mirrored.png,0.021685,centre,horizontal_reflection,run_20260720_210122,116,frame_000116.png
669,run_20260720_210122__000235,sample_000669_original.png,0.02923,centre,original,run_20260720_210122,235,frame_000235.png
670,run_20260720_210122__000235,sample_000670_mirrored.png,-0.02923,centre,horizontal_reflection,run_20260720_210122,235,frame_000235.png
671,run_20260720_210122__000225,sample_000671_original.png,0.030012,centre,original,run_20260720_210122,225,frame_000225.png
672,run_20260720_210122__000225,sample_000672_mirrored.png,-0.030012,centre,horizontal_reflection,run_20260720_210122,225,frame_000225.png
673,recovery_y_negative_005__000061,sample_000673_original.png,0.007448,centre,original,recovery_y_negative_005,61,frame_000061.png
674,recovery_y_negative_005__000061,sample_000674_mirrored.png,-0.007448,centre,horizontal_reflection,recovery_y_negative_005,61,frame_000061.png
675,recovery_y_positive_005__000066,sample_000675_original.png,-0.078782,medium_negative,original,recovery_y_positive_005,66,frame_000066.png
676,recovery_y_positive_005__000066,sample_000676_mirrored.png,0.078782,medium_positive,horizontal_reflection,recovery_y_positive_005,66,frame_000066.png
677,recovery_y_positive_005__000062,sample_000677_original.png,-0.076366,medium_negative,original,recovery_y_positive_005,62,frame_000062.png
678,recovery_y_positive_005__000062,sample_000678_mirrored.png,0.076366,medium_positive,horizontal_reflection,recovery_y_positive_005,62,frame_000062.png
679,medium_y_negative_003__000021,sample_000679_original.png,-0.171556,strong_negative,original,medium_y_negative_003,21,frame_000021.png
680,medium_y_negative_003__000021,sample_000680_mirrored.png,0.171556,strong_positive,horizontal_reflection,medium_y_negative_003,21,frame_000021.png
681,medium_y_negative_003__000036,sample_000681_original.png,-0.064266,medium_negative,original,medium_y_negative_003,36,frame_000036.png
682,medium_y_negative_003__000036,sample_000682_mirrored.png,0.064266,medium_positive,horizontal_reflection,medium_y_negative_003,36,frame_000036.png
683,medium_y_positive_003__000029,sample_000683_original.png,0.046648,centre,original,medium_y_positive_003,29,frame_000029.png
684,medium_y_positive_003__000029,sample_000684_mirrored.png,-0.046648,centre,horizontal_reflection,medium_y_positive_003,29,frame_000029.png
685,medium_y_negative_003__000034,sample_000685_original.png,-0.078736,medium_negative,original,medium_y_negative_003,34,frame_000034.png
686,medium_y_negative_003__000034,sample_000686_mirrored.png,0.078736,medium_positive,horizontal_reflection,medium_y_negative_003,34,frame_000034.png
687,medium_y_negative_003__000016,sample_000687_original.png,-0.215448,strong_negative,original,medium_y_negative_003,16,frame_000016.png
688,medium_y_negative_003__000016,sample_000688_mirrored.png,0.215448,strong_positive,horizontal_reflection,medium_y_negative_003,16,frame_000016.png
689,recovery_y_positive_005__000070,sample_000689_original.png,-0.084673,medium_negative,original,recovery_y_positive_005,70,frame_000070.png
690,recovery_y_positive_005__000070,sample_000690_mirrored.png,0.084673,medium_positive,horizontal_reflection,recovery_y_positive_005,70,frame_000070.png
691,recovery_y_positive_005__000060,sample_000691_original.png,-0.067127,medium_negative,original,recovery_y_positive_005,60,frame_000060.png
692,recovery_y_positive_005__000060,sample_000692_mirrored.png,0.067127,medium_positive,horizontal_reflection,recovery_y_positive_005,60,frame_000060.png
693,run_20260720_210122__000123,sample_000693_original.png,-0.013537,centre,original,run_20260720_210122,123,frame_000123.png
694,run_20260720_210122__000123,sample_000694_mirrored.png,0.013537,centre,horizontal_reflection,run_20260720_210122,123,frame_000123.png
695,run_20260720_210122__000369,sample_000695_original.png,0.035974,centre,original,run_20260720_210122,369,frame_000369.png
696,run_20260720_210122__000369,sample_000696_mirrored.png,-0.035974,centre,horizontal_reflection,run_20260720_210122,369,frame_000369.png
697,run_20260720_210122__000448,sample_000697_original.png,-0.017121,centre,original,run_20260720_210122,448,frame_000448.png
698,run_20260720_210122__000448,sample_000698_mirrored.png,0.017121,centre,horizontal_reflection,run_20260720_210122,448,frame_000448.png
699,recovery_y_positive_005__000015,sample_000699_original.png,0.282201,strong_positive,original,recovery_y_positive_005,15,frame_000015.png
700,recovery_y_positive_005__000015,sample_000700_mirrored.png,-0.282201,strong_negative,horizontal_reflection,recovery_y_positive_005,15,frame_000015.png
701,medium_y_negative_003__000061,sample_000701_original.png,-0.006744,centre,original,medium_y_negative_003,61,frame_000061.png
702,medium_y_negative_003__000061,sample_000702_mirrored.png,0.006744,centre,horizontal_reflection,medium_y_negative_003,61,frame_000061.png
703,medium_y_negative_003__000007,sample_000703_original.png,-0.474481,strong_negative,original,medium_y_negative_003,7,frame_000007.png
704,medium_y_negative_003__000007,sample_000704_mirrored.png,0.474481,strong_positive,horizontal_reflection,medium_y_negative_003,7,frame_000007.png
705,run_20260720_210122__000018,sample_000705_original.png,-0.036635,centre,original,run_20260720_210122,18,frame_000018.png
706,run_20260720_210122__000018,sample_000706_mirrored.png,0.036635,centre,horizontal_reflection,run_20260720_210122,18,frame_000018.png
707,medium_y_negative_003__000038,sample_000707_original.png,-0.063168,medium_negative,original,medium_y_negative_003,38,frame_000038.png
708,medium_y_negative_003__000038,sample_000708_mirrored.png,0.063168,medium_positive,horizontal_reflection,medium_y_negative_003,38,frame_000038.png
709,recovery_y_negative_005__000046,sample_000709_original.png,-0.042166,centre,original,recovery_y_negative_005,46,frame_000046.png
710,recovery_y_negative_005__000046,sample_000710_mirrored.png,0.042166,centre,horizontal_reflection,recovery_y_negative_005,46,frame_000046.png
711,run_20260720_210122__000431,sample_000711_original.png,-0.010103,centre,original,run_20260720_210122,431,frame_000431.png
712,run_20260720_210122__000431,sample_000712_mirrored.png,0.010103,centre,horizontal_reflection,run_20260720_210122,431,frame_000431.png
713,run_20260720_210122__000272,sample_000713_original.png,0.030003,centre,original,run_20260720_210122,272,frame_000272.png
714,run_20260720_210122__000272,sample_000714_mirrored.png,-0.030003,centre,horizontal_reflection,run_20260720_210122,272,frame_000272.png
715,run_20260720_210122__000312,sample_000715_original.png,0.039535,centre,original,run_20260720_210122,312,frame_000312.png
716,run_20260720_210122__000312,sample_000716_mirrored.png,-0.039535,centre,horizontal_reflection,run_20260720_210122,312,frame_000312.png
717,medium_y_positive_003__000024,sample_000717_original.png,0.055854,medium_positive,original,medium_y_positive_003,24,frame_000024.png
718,medium_y_positive_003__000024,sample_000718_mirrored.png,-0.055854,medium_negative,horizontal_reflection,medium_y_positive_003,24,frame_000024.png
719,medium_y_positive_003__000005,sample_000719_original.png,0.544548,strong_positive,original,medium_y_positive_003,5,frame_000005.png
720,medium_y_positive_003__000005,sample_000720_mirrored.png,-0.544548,strong_negative,horizontal_reflection,medium_y_positive_003,5,frame_000005.png
721,medium_y_positive_003__000056,sample_000721_original.png,-0.05042,medium_negative,original,medium_y_positive_003,56,frame_000056.png
722,medium_y_positive_003__000056,sample_000722_mirrored.png,0.05042,medium_positive,horizontal_reflection,medium_y_positive_003,56,frame_000056.png
723,run_20260720_210122__000417,sample_000723_original.png,0.006671,centre,original,run_20260720_210122,417,frame_000417.png
724,run_20260720_210122__000417,sample_000724_mirrored.png,-0.006671,centre,horizontal_reflection,run_20260720_210122,417,frame_000417.png
725,recovery_y_negative_005__000018,sample_000725_original.png,-0.304418,strong_negative,original,recovery_y_negative_005,18,frame_000018.png
726,recovery_y_negative_005__000018,sample_000726_mirrored.png,0.304418,strong_positive,horizontal_reflection,recovery_y_negative_005,18,frame_000018.png
727,recovery_y_negative_005__000006,sample_000727_original.png,-1.0,strong_negative,original,recovery_y_negative_005,6,frame_000006.png
728,recovery_y_negative_005__000006,sample_000728_mirrored.png,1.0,strong_positive,horizontal_reflection,recovery_y_negative_005,6,frame_000006.png
729,recovery_y_positive_005__000054,sample_000729_original.png,-0.04775,centre,original,recovery_y_positive_005,54,frame_000054.png
730,recovery_y_positive_005__000054,sample_000730_mirrored.png,0.04775,centre,horizontal_reflection,recovery_y_positive_005,54,frame_000054.png
731,run_20260720_210122__000188,sample_000731_original.png,0.015077,centre,original,run_20260720_210122,188,frame_000188.png
732,run_20260720_210122__000188,sample_000732_mirrored.png,-0.015077,centre,horizontal_reflection,run_20260720_210122,188,frame_000188.png
733,recovery_y_negative_005__000040,sample_000733_original.png,-0.081039,medium_negative,original,recovery_y_negative_005,40,frame_000040.png
734,recovery_y_negative_005__000040,sample_000734_mirrored.png,0.081039,medium_positive,horizontal_reflection,recovery_y_negative_005,40,frame_000040.png
735,medium_y_positive_003__000048,sample_000735_original.png,-0.02619,centre,original,medium_y_positive_003,48,frame_000048.png
736,medium_y_positive_003__000048,sample_000736_mirrored.png,0.02619,centre,horizontal_reflection,medium_y_positive_003,48,frame_000048.png
737,recovery_y_positive_005__000014,sample_000737_original.png,0.30132,strong_positive,original,recovery_y_positive_005,14,frame_000014.png
738,recovery_y_positive_005__000014,sample_000738_mirrored.png,-0.30132,strong_negative,horizontal_reflection,recovery_y_positive_005,14,frame_000014.png
739,medium_y_negative_003__000035,sample_000739_original.png,-0.071539,medium_negative,original,medium_y_negative_003,35,frame_000035.png
740,medium_y_negative_003__000035,sample_000740_mirrored.png,0.071539,medium_positive,horizontal_reflection,medium_y_negative_003,35,frame_000035.png
741,recovery_y_positive_005__000083,sample_000741_original.png,-0.095418,medium_negative,original,recovery_y_positive_005,83,frame_000083.png
742,recovery_y_positive_005__000083,sample_000742_mirrored.png,0.095418,medium_positive,horizontal_reflection,recovery_y_positive_005,83,frame_000083.png
743,recovery_y_negative_005__000025,sample_000743_original.png,-0.216295,strong_negative,original,recovery_y_negative_005,25,frame_000025.png
744,recovery_y_negative_005__000025,sample_000744_mirrored.png,0.216295,strong_positive,horizontal_reflection,recovery_y_negative_005,25,frame_000025.png
745,run_20260720_210122__000364,sample_000745_original.png,0.0375,centre,original,run_20260720_210122,364,frame_000364.png
746,run_20260720_210122__000364,sample_000746_mirrored.png,-0.0375,centre,horizontal_reflection,run_20260720_210122,364,frame_000364.png
747,run_20260720_210122__000025,sample_000747_original.png,-0.028536,centre,original,run_20260720_210122,25,frame_000025.png
748,run_20260720_210122__000025,sample_000748_mirrored.png,0.028536,centre,horizontal_reflection,run_20260720_210122,25,frame_000025.png
749,recovery_y_negative_005__000021,sample_000749_original.png,-0.270661,strong_negative,original,recovery_y_negative_005,21,frame_000021.png
750,recovery_y_negative_005__000021,sample_000750_mirrored.png,0.270661,strong_positive,horizontal_reflection,recovery_y_negative_005,21,frame_000021.png
