sample_id,image_filename,simulation_time,normalized_error,steering_correction,steering_target,left_speed,right_speed,line_detected,contour_area,source_run,source_image_path
1,frame_000001.png,0.064,-0.0625,-0.207104,-0.13807,0.992896,1.407104,1,9770.0,run_20260720_210122,D:\robotics_projects\vision_line_following\data\cnn_dataset\runs\run_20260720_210122\images\frame_000001.png
2,frame_000002.png,0.128,-0.0625,-0.165715,-0.110477,1.034285,1.365715,1,11604.5,run_20260720_210122,D:\robotics_projects\vision_line_following\data\cnn_dataset\runs\run_20260720_210122\images\frame_000002.png
3,frame_000003.png,0.192,-0.05625,-0.122028,-0.081352,1.077972,1.322028,1,11201.5,run_20260720_210122,D:\robotics_projects\vision_line_following\data\cnn_dataset\runs\run_20260720_210122\images\frame_000003.png
4,frame_000004.png,0.256,-0.05,-0.092532,-0.061688,1.107468,1.292532,1,10942.5,run_20260720_210122,D:\robotics_projects\vision_line_following\data\cnn_dataset\runs\run_20260720_210122\images\frame_000004.png
5,frame_000005.png,0.32,-0.04375,-0.067967,-0.045312,1.132033,1.267967,1,10806.0,run_20260720_210122,D:\robotics_projects\vision_line_following\data\cnn_dataset\runs\run_20260720_210122\images\frame_000005.png
6,frame_000006.png,0.384,-0.04375,-0.072685,-0.048457,1.127315,1.272685,1,10712.0,run_20260720_210122,D:\robotics_projects\vision_line_following\data\cnn_dataset\runs\run_20260720_210122\images\frame_000006.png
7,frame_000007.png,0.448,-0.04375,-0.075338,-0.050226,1.124662,1.275338,1,10645.5,run_20260720_210122,D:\robotics_projects\vision_line_following\data\cnn_dataset\runs\run_20260720_210122\images\frame_000007.png
8,frame_000008.png,0.512,-0.04375,-0.076831,-0.051221,1.123169,1.276831,1,10609.5,run_20260720_210122,D:\robotics_projects\vision_line_following\data\cnn_dataset\runs\run_20260720_210122\images\frame_000008.png
9,frame_000009.png,0.576,-0.0375,-0.054213,-0.036142,1.145787,1.254213,1,10566.0,run_20260720_210122,D:\robotics_projects\vision_line_following\data\cnn_dataset\runs\run_20260720_210122\images\frame_000009.png
10,frame_000010.png,0.64,-0.0375,-0.060026,-0.040018,1.139974,1.260026,1,10555.5,run_20260720_210122,D:\robotics_projects\vision_line_following\data\cnn_dataset\runs\run_20260720_210122\images\frame_000010.png
11,frame_000011.png,0.704,-0.0375,-0.063296,-0.042197,1.136704,1.263296,1,10531.0,run_20260720_210122,D:\robotics_projects\vision_line_following\data\cnn_dataset\runs\run_20260720_210122\images\frame_000011.png
12,frame_000012.png,0.768,-0.0375,-0.065135,-0.043424,1.134865,1.265135,1,10521.0,run_20260720_210122,D:\robotics_projects\vision_line_following\data\cnn_dataset\runs\run_20260720_210122\images\frame_000012.png
13,frame_000013.png,0.832,-0.0375,-0.06617,-0.044113,1.13383,1.26617,1,10500.5,run_20260720_210122,D:\robotics_projects\vision_line_following\data\cnn_dataset\runs\run_20260720_210122\images\frame_000013.png
14,frame_000014.png,0.896,-0.03125,-0.043295,-0.028863,1.156705,1.243295,1,10489.0,run_20260720_210122,D:\robotics_projects\vision_line_following\data\cnn_dataset\runs\run_20260720_210122\images\frame_000014.png
15,frame_000015.png,0.96,-0.03125,-0.048963,-0.032642,1.151037,1.248963,1,10474.5,run_20260720_210122,D:\robotics_projects\vision_line_following\data\cnn_dataset\runs\run_20260720_210122\images\frame_000015.png
16,frame_000016.png,1.024,-0.03125,-0.052151,-0.034767,1.147849,1.252151,1,10458.5,run_20260720_210122,D:\robotics_projects\vision_line_following\data\cnn_dataset\runs\run_20260720_210122\images\frame_000016.png
17,frame_000017.png,1.088,-0.03125,-0.053944,-0.035963,1.146056,1.253944,1,10452.0,run_20260720_210122,D:\robotics_projects\vision_line_following\data\cnn_dataset\runs\run_20260720_210122\images\frame_000017.png
18,frame_000018.png,1.152,-0.03125,-0.054953,-0.036635,1.145047,1.254953,1,10445.5,run_20260720_210122,D:\robotics_projects\vision_line_following\data\cnn_dataset\runs\run_20260720_210122\images\frame_000018.png
19,frame_000019.png,1.216,-0.03125,-0.05552,-0.037014,1.14448,1.25552,1,10444.0,run_20260720_210122,D:\robotics_projects\vision_line_following\data\cnn_dataset\runs\run_20260720_210122\images\frame_000019.png
20,frame_000020.png,1.28,-0.03125,-0.05584,-0.037226,1.14416,1.25584,1,10441.0,run_20260720_210122,D:\robotics_projects\vision_line_following\data\cnn_dataset\runs\run_20260720_210122\images\frame_000020.png
21,frame_000021.png,1.344,-0.03125,-0.056019,-0.037346,1.143981,1.256019,1,10441.0,run_20260720_210122,D:\robotics_projects\vision_line_following\data\cnn_dataset\runs\run_20260720_210122\images\frame_000021.png
22,frame_000022.png,1.408,-0.025,-0.032663,-0.021775,1.167337,1.232663,1,10436.0,run_20260720_210122,D:\robotics_projects\vision_line_following\data\cnn_dataset\runs\run_20260720_210122\images\frame_000022.png
23,frame_000023.png,1.472,-0.025,-0.038061,-0.025374,1.161939,1.238061,1,10431.0,run_20260720_210122,D:\robotics_projects\vision_line_following\data\cnn_dataset\runs\run_20260720_210122\images\frame_000023.png
24,frame_000024.png,1.536,-0.025,-0.041097,-0.027398,1.158903,1.241097,1,10426.0,run_20260720_210122,D:\robotics_projects\vision_line_following\data\cnn_dataset\runs\run_20260720_210122\images\frame_000024.png
25,frame_000025.png,1.6,-0.025,-0.042804,-0.028536,1.157196,1.242804,1,10421.0,run_20260720_210122,D:\robotics_projects\vision_line_following\data\cnn_dataset\runs\run_20260720_210122\images\frame_000025.png
26,frame_000026.png,1.664,-0.025,-0.043765,-0.029177,1.156235,1.243765,1,10413.0,run_20260720_210122,D:\robotics_projects\vision_line_following\data\cnn_dataset\runs\run_20260720_210122\images\frame_000026.png
27,frame_000027.png,1.728,-0.025,-0.044305,-0.029537,1.155695,1.244305,1,10404.5,run_20260720_210122,D:\robotics_projects\vision_line_following\data\cnn_dataset\runs\run_20260720_210122\images\frame_000027.png
28,frame_000028.png,1.792,-0.025,-0.044609,-0.029739,1.155391,1.244609,1,10401.5,run_20260720_210122,D:\robotics_projects\vision_line_following\data\cnn_dataset\runs\run_20260720_210122\images\frame_000028.png
29,frame_000029.png,1.856,-0.025,-0.04478,-0.029853,1.15522,1.24478,1,10405.5,run_20260720_210122,D:\robotics_projects\vision_line_following\data\cnn_dataset\runs\run_20260720_210122\images\frame_000029.png
30,frame_000030.png,1.92,-0.025,-0.044876,-0.029918,1.155124,1.244876,1,10419.5,run_20260720_210122,D:\robotics_projects\vision_line_following\data\cnn_dataset\runs\run_20260720_210122\images\frame_000030.png
31,frame_000031.png,1.984,-0.025,-0.04493,-0.029954,1.15507,1.24493,1,10428.0,run_20260720_210122,D:\robotics_projects\vision_line_following\data\cnn_dataset\runs\run_20260720_210122\images\frame_000031.png
32,frame_000032.png,2.048,-0.01875,-0.024556,-0.01637,1.175444,1.224556,1,10443.0,run_20260720_210122,D:\robotics_projects\vision_line_following\data\cnn_dataset\runs\run_20260720_210122\images\frame_000032.png
33,frame_000033.png,2.112,-0.01875,-0.028578,-0.019052,1.171422,1.228578,1,10452.0,run_20260720_210122,D:\robotics_projects\vision_line_following\data\cnn_dataset\runs\run_20260720_210122\images\frame_000033.png
34,frame_000034.png,2.176,-0.025,-0.054298,-0.036199,1.145702,1.254298,1,10454.5,run_20260720_210122,D:\robotics_projects\vision_line_following\data\cnn_dataset\runs\run_20260720_210122\images\frame_000034.png
35,frame_000035.png,2.24,-0.01875,-0.029825,-0.019883,1.170175,1.229825,1,10467.0,run_20260720_210122,D:\robotics_projects\vision_line_following\data\cnn_dataset\runs\run_20260720_210122\images\frame_000035.png
36,frame_000036.png,2.304,-0.01875,-0.031542,-0.021028,1.168458,1.231542,1,10468.0,run_20260720_210122,D:\robotics_projects\vision_line_following\data\cnn_dataset\runs\run_20260720_210122\images\frame_000036.png
37,frame_000037.png,2.368,-0.01875,-0.032508,-0.021672,1.167492,1.232508,1,10477.5,run_20260720_210122,D:\robotics_projects\vision_line_following\data\cnn_dataset\runs\run_20260720_210122\images\frame_000037.png
38,frame_000038.png,2.432,-0.01875,-0.033051,-0.022034,1.166949,1.233051,1,10482.5,run_20260720_210122,D:\robotics_projects\vision_line_following\data\cnn_dataset\runs\run_20260720_210122\images\frame_000038.png
39,frame_000039.png,2.496,-0.01875,-0.033357,-0.022238,1.166643,1.233357,1,10498.5,run_20260720_210122,D:\robotics_projects\vision_line_following\data\cnn_dataset\runs\run_20260720_210122\images\frame_000039.png
40,frame_000040.png,2.56,-0.01875,-0.033529,-0.022353,1.166471,1.233529,1,10505.0,run_20260720_210122,D:\robotics_projects\vision_line_following\data\cnn_dataset\runs\run_20260720_210122\images\frame_000040.png
41,frame_000041.png,2.624,-0.01875,-0.033626,-0.022417,1.166374,1.233626,1,10510.5,run_20260720_210122,D:\robotics_projects\vision_line_following\data\cnn_dataset\runs\run_20260720_210122\images\frame_000041.png
42,frame_000042.png,2.688,-0.01875,-0.03368,-0.022453,1.16632,1.23368,1,10523.0,run_20260720_210122,D:\robotics_projects\vision_line_following\data\cnn_dataset\runs\run_20260720_210122\images\frame_000042.png
43,frame_000043.png,2.752,-0.01875,-0.033711,-0.022474,1.166289,1.233711,1,10528.0,run_20260720_210122,D:\robotics_projects\vision_line_following\data\cnn_dataset\runs\run_20260720_210122\images\frame_000043.png
44,frame_000044.png,2.816,-0.01875,-0.033728,-0.022485,1.166272,1.233728,1,10538.0,run_20260720_210122,D:\robotics_projects\vision_line_following\data\cnn_dataset\runs\run_20260720_210122\images\frame_000044.png
45,frame_000045.png,2.88,-0.025,-0.057195,-0.03813,1.142805,1.257195,1,10549.0,run_20260720_210122,D:\robotics_projects\vision_line_following\data\cnn_dataset\runs\run_20260720_210122\images\frame_000045.png
46,frame_000046.png,2.944,-0.01875,-0.031454,-0.020969,1.168546,1.231454,1,10560.0,run_20260720_210122,D:\robotics_projects\vision_line_following\data\cnn_dataset\runs\run_20260720_210122\images\frame_000046.png
47,frame_000047.png,3.008,-0.025,-0.055916,-0.037277,1.144084,1.255916,1,10565.0,run_20260720_210122,D:\robotics_projects\vision_line_following\data\cnn_dataset\runs\run_20260720_210122\images\frame_000047.png
48,frame_000048.png,3.072,-0.01875,-0.030735,-0.02049,1.169265,1.230735,1,10572.0,run_20260720_210122,D:\robotics_projects\vision_line_following\data\cnn_dataset\runs\run_20260720_210122\images\frame_000048.png
49,frame_000049.png,3.136,-0.01875,-0.029002,-0.019335,1.170998,1.229002,1,10572.0,run_20260720_210122,D:\robotics_projects\vision_line_following\data\cnn_dataset\runs\run_20260720_210122\images\frame_000049.png
50,frame_000050.png,3.2,-0.01875,-0.028028,-0.018685,1.171972,1.228028,1,10577.5,run_20260720_210122,D:\robotics_projects\vision_line_following\data\cnn_dataset\runs\run_20260720_210122\images\frame_000050.png
51,frame_000051.png,3.264,-0.01875,-0.027479,-0.01832,1.172521,1.227479,1,10572.0,run_20260720_210122,D:\robotics_projects\vision_line_following\data\cnn_dataset\runs\run_20260720_210122\images\frame_000051.png
52,frame_000052.png,3.328,-0.01875,-0.027171,-0.018114,1.172829,1.227171,1,10578.5,run_20260720_210122,D:\robotics_projects\vision_line_following\data\cnn_dataset\runs\run_20260720_210122\images\frame_000052.png
53,frame_000053.png,3.392,-0.025,-0.050455,-0.033636,1.149545,1.250455,1,10579.0,run_20260720_210122,D:\robotics_projects\vision_line_following\data\cnn_dataset\runs\run_20260720_210122\images\frame_000053.png
54,frame_000054.png,3.456,-0.025,-0.05112,-0.03408,1.14888,1.25112,1,10585.0,run_20260720_210122,D:\robotics_projects\vision_line_following\data\cnn_dataset\runs\run_20260720_210122\images\frame_000054.png
55,frame_000055.png,3.52,-0.01875,-0.024985,-0.016657,1.175015,1.224985,1,10593.5,run_20260720_210122,D:\robotics_projects\vision_line_following\data\cnn_dataset\runs\run_20260720_210122\images\frame_000055.png
56,frame_000056.png,3.584,-0.025,-0.049225,-0.032817,1.150775,1.249225,1,10604.5,run_20260720_210122,D:\robotics_projects\vision_line_following\data\cnn_dataset\runs\run_20260720_210122\images\frame_000056.png
57,frame_000057.png,3.648,-0.01875,-0.02392,-0.015946,1.17608,1.22392,1,10607.0,run_20260720_210122,D:\robotics_projects\vision_line_following\data\cnn_dataset\runs\run_20260720_210122\images\frame_000057.png
58,frame_000058.png,3.712,-0.025,-0.048626,-0.032417,1.151374,1.248626,1,10618.0,run_20260720_210122,D:\robotics_projects\vision_line_following\data\cnn_dataset\runs\run_20260720_210122\images\frame_000058.png
59,frame_000059.png,3.776,-0.025,-0.047039,-0.03136,1.152961,1.247039,1,10623.5,run_20260720_210122,D:\robotics_projects\vision_line_following\data\cnn_dataset\runs\run_20260720_210122\images\frame_000059.png
60,frame_000060.png,3.84,-0.025,-0.046147,-0.030765,1.153853,1.246147,1,10626.5,run_20260720_210122,D:\robotics_projects\vision_line_following\data\cnn_dataset\runs\run_20260720_210122\images\frame_000060.png
61,frame_000061.png,3.904,-0.025,-0.045645,-0.03043,1.154355,1.245645,1,10635.5,run_20260720_210122,D:\robotics_projects\vision_line_following\data\cnn_dataset\runs\run_20260720_210122\images\frame_000061.png
62,frame_000062.png,3.968,-0.025,-0.045363,-0.030242,1.154637,1.245363,1,10636.0,run_20260720_210122,D:\robotics_projects\vision_line_following\data\cnn_dataset\runs\run_20260720_210122\images\frame_000062.png
63,frame_000063.png,4.032,-0.025,-0.045204,-0.030136,1.154796,1.245204,1,10640.5,run_20260720_210122,D:\robotics_projects\vision_line_following\data\cnn_dataset\runs\run_20260720_210122\images\frame_000063.png
64,frame_000064.png,4.096,-0.025,-0.045115,-0.030077,1.154885,1.245115,1,10630.0,run_20260720_210122,D:\robotics_projects\vision_line_following\data\cnn_dataset\runs\run_20260720_210122\images\frame_000064.png
65,frame_000065.png,4.16,-0.025,-0.045065,-0.030043,1.154935,1.245065,1,10635.0,run_20260720_210122,D:\robotics_projects\vision_line_following\data\cnn_dataset\runs\run_20260720_210122\images\frame_000065.png
66,frame_000066.png,4.224,-0.025,-0.045036,-0.030024,1.154964,1.245036,1,10632.0,run_20260720_210122,D:\robotics_projects\vision_line_following\data\cnn_dataset\runs\run_20260720_210122\images\frame_000066.png
67,frame_000067.png,4.288,-0.025,-0.04502,-0.030014,1.15498,1.24502,1,10648.5,run_20260720_210122,D:\robotics_projects\vision_line_following\data\cnn_dataset\runs\run_20260720_210122\images\frame_000067.png
68,frame_000068.png,4.352,-0.025,-0.045011,-0.030008,1.154989,1.245011,1,10644.5,run_20260720_210122,D:\robotics_projects\vision_line_following\data\cnn_dataset\runs\run_20260720_210122\images\frame_000068.png
69,frame_000069.png,4.416,-0.025,-0.045006,-0.030004,1.154994,1.245006,1,10656.5,run_20260720_210122,D:\robotics_projects\vision_line_following\data\cnn_dataset\runs\run_20260720_210122\images\frame_000069.png
70,frame_000070.png,4.48,-0.025,-0.045004,-0.030002,1.154996,1.245004,1,10664.5,run_20260720_210122,D:\robotics_projects\vision_line_following\data\cnn_dataset\runs\run_20260720_210122\images\frame_000070.png
71,frame_000071.png,4.544,-0.025,-0.045002,-0.030001,1.154998,1.245002,1,10662.0,run_20260720_210122,D:\robotics_projects\vision_line_following\data\cnn_dataset\runs\run_20260720_210122\images\frame_000071.png
72,frame_000072.png,4.608,-0.025,-0.045001,-0.030001,1.154999,1.245001,1,10688.5,run_20260720_210122,D:\robotics_projects\vision_line_following\data\cnn_dataset\runs\run_20260720_210122\images\frame_000072.png
73,frame_000073.png,4.672,-0.025,-0.045001,-0.03,1.154999,1.245001,1,10678.5,run_20260720_210122,D:\robotics_projects\vision_line_following\data\cnn_dataset\runs\run_20260720_210122\images\frame_000073.png
74,frame_000074.png,4.736,-0.025,-0.045,-0.03,1.155,1.245,1,10689.0,run_20260720_210122,D:\robotics_projects\vision_line_following\data\cnn_dataset\runs\run_20260720_210122\images\frame_000074.png
75,frame_000075.png,4.8,-0.025,-0.045,-0.03,1.155,1.245,1,10687.5,run_20260720_210122,D:\robotics_projects\vision_line_following\data\cnn_dataset\runs\run_20260720_210122\images\frame_000075.png
76,frame_000076.png,4.864,-0.025,-0.045,-0.03,1.155,1.245,1,10675.5,run_20260720_210122,D:\robotics_projects\vision_line_following\data\cnn_dataset\runs\run_20260720_210122\images\frame_000076.png
77,frame_000077.png,4.928,-0.025,-0.045,-0.03,1.155,1.245,1,10680.5,run_20260720_210122,D:\robotics_projects\vision_line_following\data\cnn_dataset\runs\run_20260720_210122\images\frame_000077.png
78,frame_000078.png,4.992,-0.03125,-0.065405,-0.043604,1.134595,1.265405,1,10657.0,run_20260720_210122,D:\robotics_projects\vision_line_following\data\cnn_dataset\runs\run_20260720_210122\images\frame_000078.png
79,frame_000079.png,5.056,-0.025,-0.037943,-0.025295,1.162057,1.237943,1,10657.0,run_20260720_210122,D:\robotics_projects\vision_line_following\data\cnn_dataset\runs\run_20260720_210122\images\frame_000079.png
80,frame_000080.png,5.12,-0.03125,-0.061436,-0.040957,1.138564,1.261436,1,10641.5,run_20260720_210122,D:\robotics_projects\vision_line_following\data\cnn_dataset\runs\run_20260720_210122\images\frame_000080.png
81,frame_000081.png,5.184,-0.03125,-0.059167,-0.039445,1.140833,1.259167,1,10647.5,run_20260720_210122,D:\robotics_projects\vision_line_following\data\cnn_dataset\runs\run_20260720_210122\images\frame_000081.png
82,frame_000082.png,5.248,-0.03125,-0.057891,-0.038594,1.142109,1.257891,1,10636.0,run_20260720_210122,D:\robotics_projects\vision_line_following\data\cnn_dataset\runs\run_20260720_210122\images\frame_000082.png
83,frame_000083.png,5.312,-0.03125,-0.057173,-0.038115,1.142827,1.257173,1,10629.0,run_20260720_210122,D:\robotics_projects\vision_line_following\data\cnn_dataset\runs\run_20260720_210122\images\frame_000083.png
84,frame_000084.png,5.376,-0.03125,-0.059821,-0.039881,1.140179,1.259821,1,10642.0,run_20260720_210122,D:\robotics_projects\vision_line_following\data\cnn_dataset\runs\run_20260720_210122\images\frame_000084.png
85,frame_000085.png,5.44,-0.03125,-0.058259,-0.038839,1.141741,1.258259,1,10623.5,run_20260720_210122,D:\robotics_projects\vision_line_following\data\cnn_dataset\runs\run_20260720_210122\images\frame_000085.png
86,frame_000086.png,5.504,-0.03125,-0.05738,-0.038253,1.14262,1.25738,1,10624.5,run_20260720_210122,D:\robotics_projects\vision_line_following\data\cnn_dataset\runs\run_20260720_210122\images\frame_000086.png
87,frame_000087.png,5.568,-0.03125,-0.056886,-0.037924,1.143114,1.256886,1,10608.5,run_20260720_210122,D:\robotics_projects\vision_line_following\data\cnn_dataset\runs\run_20260720_210122\images\frame_000087.png
88,frame_000088.png,5.632,-0.03125,-0.056607,-0.037738,1.143393,1.256607,1,10589.5,run_20260720_210122,D:\robotics_projects\vision_line_following\data\cnn_dataset\runs\run_20260720_210122\images\frame_000088.png
89,frame_000089.png,5.696,-0.03125,-0.059503,-0.039669,1.140497,1.259503,1,10580.0,run_20260720_210122,D:\robotics_projects\vision_line_following\data\cnn_dataset\runs\run_20260720_210122\images\frame_000089.png
90,frame_000090.png,5.76,-0.025,-0.034623,-0.023082,1.165377,1.234623,1,10576.0,run_20260720_210122,D:\robotics_projects\vision_line_following\data\cnn_dataset\runs\run_20260720_210122\images\frame_000090.png
91,frame_000091.png,5.824,-0.03125,-0.059568,-0.039712,1.140432,1.259568,1,10564.0,run_20260720_210122,D:\robotics_projects\vision_line_following\data\cnn_dataset\runs\run_20260720_210122\images\frame_000091.png
92,frame_000092.png,5.888,-0.03125,-0.061168,-0.040779,1.138832,1.261168,1,10555.5,run_20260720_210122,D:\robotics_projects\vision_line_following\data\cnn_dataset\runs\run_20260720_210122\images\frame_000092.png
93,frame_000093.png,5.952,-0.03125,-0.062068,-0.041379,1.137932,1.262068,1,10553.0,run_20260720_210122,D:\robotics_projects\vision_line_following\data\cnn_dataset\runs\run_20260720_210122\images\frame_000093.png
94,frame_000094.png,6.016,-0.025,-0.039117,-0.026078,1.160883,1.239117,1,10553.0,run_20260720_210122,D:\robotics_projects\vision_line_following\data\cnn_dataset\runs\run_20260720_210122\images\frame_000094.png
95,frame_000095.png,6.08,-0.025,-0.038639,-0.02576,1.161361,1.238639,1,10554.0,run_20260720_210122,D:\robotics_projects\vision_line_following\data\cnn_dataset\runs\run_20260720_210122\images\frame_000095.png
96,frame_000096.png,6.144,-0.03125,-0.064879,-0.043253,1.135121,1.264879,1,10555.0,run_20260720_210122,D:\robotics_projects\vision_line_following\data\cnn_dataset\runs\run_20260720_210122\images\frame_000096.png
97,frame_000097.png,6.208,-0.025,-0.040699,-0.027132,1.159301,1.240699,1,10551.5,run_20260720_210122,D:\robotics_projects\vision_line_following\data\cnn_dataset\runs\run_20260720_210122\images\frame_000097.png
98,frame_000098.png,6.272,-0.025,-0.039529,-0.026352,1.160471,1.239529,1,10566.5,run_20260720_210122,D:\robotics_projects\vision_line_following\data\cnn_dataset\runs\run_20260720_210122\images\frame_000098.png
99,frame_000099.png,6.336,-0.025,-0.041922,-0.027948,1.158078,1.241922,1,10572.5,run_20260720_210122,D:\robotics_projects\vision_line_following\data\cnn_dataset\runs\run_20260720_210122\images\frame_000099.png
100,frame_000100.png,6.4,-0.025,-0.040217,-0.026811,1.159783,1.240217,1,10570.0,run_20260720_210122,D:\robotics_projects\vision_line_following\data\cnn_dataset\runs\run_20260720_210122\images\frame_000100.png
101,frame_000101.png,6.464,-0.025,-0.04231,-0.028206,1.15769,1.24231,1,10578.0,run_20260720_210122,D:\robotics_projects\vision_line_following\data\cnn_dataset\runs\run_20260720_210122\images\frame_000101.png
102,frame_000102.png,6.528,-0.025,-0.043487,-0.028991,1.156513,1.243487,1,10574.0,run_20260720_210122,D:\robotics_projects\vision_line_following\data\cnn_dataset\runs\run_20260720_210122\images\frame_000102.png
103,frame_000103.png,6.592,-0.025,-0.044149,-0.029432,1.155851,1.244149,1,10565.0,run_20260720_210122,D:\robotics_projects\vision_line_following\data\cnn_dataset\runs\run_20260720_210122\images\frame_000103.png
104,frame_000104.png,6.656,-0.025,-0.044521,-0.029681,1.155479,1.244521,1,10560.0,run_20260720_210122,D:\robotics_projects\vision_line_following\data\cnn_dataset\runs\run_20260720_210122\images\frame_000104.png
105,frame_000105.png,6.72,-0.025,-0.044731,-0.02982,1.155269,1.244731,1,10554.0,run_20260720_210122,D:\robotics_projects\vision_line_following\data\cnn_dataset\runs\run_20260720_210122\images\frame_000105.png
106,frame_000106.png,6.784,-0.025,-0.044848,-0.029899,1.155152,1.244848,1,10560.0,run_20260720_210122,D:\robotics_projects\vision_line_following\data\cnn_dataset\runs\run_20260720_210122\images\frame_000106.png
107,frame_000107.png,6.848,-0.025,-0.044915,-0.029943,1.155085,1.244915,1,10553.5,run_20260720_210122,D:\robotics_projects\vision_line_following\data\cnn_dataset\runs\run_20260720_210122\images\frame_000107.png
108,frame_000108.png,6.912,-0.025,-0.044952,-0.029968,1.155048,1.244952,1,10562.0,run_20260720_210122,D:\robotics_projects\vision_line_following\data\cnn_dataset\runs\run_20260720_210122\images\frame_000108.png
109,frame_000109.png,6.976,-0.025,-0.044973,-0.029982,1.155027,1.244973,1,10580.0,run_20260720_210122,D:\robotics_projects\vision_line_following\data\cnn_dataset\runs\run_20260720_210122\images\frame_000109.png
110,frame_000110.png,7.04,-0.025,-0.044985,-0.02999,1.155015,1.244985,1,10582.5,run_20260720_210122,D:\robotics_projects\vision_line_following\data\cnn_dataset\runs\run_20260720_210122\images\frame_000110.png
111,frame_000111.png,7.104,-0.025,-0.044991,-0.029994,1.155009,1.244991,1,10582.5,run_20260720_210122,D:\robotics_projects\vision_line_following\data\cnn_dataset\runs\run_20260720_210122\images\frame_000111.png
112,frame_000112.png,7.168,-0.01875,-0.021538,-0.014359,1.178462,1.221538,1,10573.5,run_20260720_210122,D:\robotics_projects\vision_line_following\data\cnn_dataset\runs\run_20260720_210122\images\frame_000112.png
113,frame_000113.png,7.232,-0.01875,-0.026881,-0.017921,1.173119,1.226881,1,10571.0,run_20260720_210122,D:\robotics_projects\vision_line_following\data\cnn_dataset\runs\run_20260720_210122\images\frame_000113.png
114,frame_000114.png,7.296,-0.01875,-0.029886,-0.019924,1.170114,1.229886,1,10558.5,run_20260720_210122,D:\robotics_projects\vision_line_following\data\cnn_dataset\runs\run_20260720_210122\images\frame_000114.png
115,frame_000115.png,7.36,-0.01875,-0.031577,-0.021051,1.168423,1.231577,1,10558.0,run_20260720_210122,D:\robotics_projects\vision_line_following\data\cnn_dataset\runs\run_20260720_210122\images\frame_000115.png
116,frame_000116.png,7.424,-0.01875,-0.032527,-0.021685,1.167473,1.232527,1,10550.5,run_20260720_210122,D:\robotics_projects\vision_line_following\data\cnn_dataset\runs\run_20260720_210122\images\frame_000116.png
117,frame_000117.png,7.488,-0.01875,-0.033062,-0.022042,1.166938,1.233062,1,10540.5,run_20260720_210122,D:\robotics_projects\vision_line_following\data\cnn_dataset\runs\run_20260720_210122\images\frame_000117.png
118,frame_000118.png,7.552,-0.01875,-0.033363,-0.022242,1.166637,1.233363,1,10544.0,run_20260720_210122,D:\robotics_projects\vision_line_following\data\cnn_dataset\runs\run_20260720_210122\images\frame_000118.png
119,frame_000119.png,7.616,-0.01875,-0.033532,-0.022355,1.166468,1.233532,1,10535.5,run_20260720_210122,D:\robotics_projects\vision_line_following\data\cnn_dataset\runs\run_20260720_210122\images\frame_000119.png
120,frame_000120.png,7.68,-0.0125,-0.010171,-0.00678,1.189829,1.210171,1,10536.0,run_20260720_210122,D:\robotics_projects\vision_line_following\data\cnn_dataset\runs\run_20260720_210122\images\frame_000120.png
121,frame_000121.png,7.744,-0.0125,-0.015565,-0.010376,1.184435,1.215565,1,10544.0,run_20260720_210122,D:\robotics_projects\vision_line_following\data\cnn_dataset\runs\run_20260720_210122\images\frame_000121.png
122,frame_000122.png,7.808,-0.0125,-0.018599,-0.012399,1.181401,1.218599,1,10541.5,run_20260720_210122,D:\robotics_projects\vision_line_following\data\cnn_dataset\runs\run_20260720_210122\images\frame_000122.png
123,frame_000123.png,7.872,-0.0125,-0.020306,-0.013537,1.179694,1.220306,1,10542.0,run_20260720_210122,D:\robotics_projects\vision_line_following\data\cnn_dataset\runs\run_20260720_210122\images\frame_000123.png
124,frame_000124.png,7.936,-0.0125,-0.021266,-0.014177,1.178734,1.221266,1,10539.5,run_20260720_210122,D:\robotics_projects\vision_line_following\data\cnn_dataset\runs\run_20260720_210122\images\frame_000124.png
125,frame_000125.png,8.0,-0.0125,-0.021806,-0.014537,1.178194,1.221806,1,10538.0,run_20260720_210122,D:\robotics_projects\vision_line_following\data\cnn_dataset\runs\run_20260720_210122\images\frame_000125.png
126,frame_000126.png,8.064,-0.0125,-0.022109,-0.01474,1.177891,1.222109,1,10529.5,run_20260720_210122,D:\robotics_projects\vision_line_following\data\cnn_dataset\runs\run_20260720_210122\images\frame_000126.png
127,frame_000127.png,8.128,-0.00625,0.001177,0.000784,1.201177,1.198823,1,10529.0,run_20260720_210122,D:\robotics_projects\vision_line_following\data\cnn_dataset\runs\run_20260720_210122\images\frame_000127.png
128,frame_000128.png,8.192,-0.00625,-0.001208,-0.000805,1.198792,1.201208,1,10521.0,run_20260720_210122,D:\robotics_projects\vision_line_following\data\cnn_dataset\runs\run_20260720_210122\images\frame_000128.png
129,frame_000129.png,8.256,-0.00625,-0.005601,-0.003734,1.194399,1.205601,1,10508.5,run_20260720_210122,D:\robotics_projects\vision_line_following\data\cnn_dataset\runs\run_20260720_210122\images\frame_000129.png
130,frame_000130.png,8.32,-0.00625,-0.008073,-0.005382,1.191927,1.208073,1,10513.0,run_20260720_210122,D:\robotics_projects\vision_line_following\data\cnn_dataset\runs\run_20260720_210122\images\frame_000130.png
131,frame_000131.png,8.384,-0.00625,-0.009463,-0.006309,1.190537,1.209463,1,10508.5,run_20260720_210122,D:\robotics_projects\vision_line_following\data\cnn_dataset\runs\run_20260720_210122\images\frame_000131.png
132,frame_000132.png,8.448,-0.00625,-0.010245,-0.00683,1.189755,1.210245,1,10518.0,run_20260720_210122,D:\robotics_projects\vision_line_following\data\cnn_dataset\runs\run_20260720_210122\images\frame_000132.png
133,frame_000133.png,8.512,-0.00625,-0.010685,-0.007123,1.189315,1.210685,1,10512.0,run_20260720_210122,D:\robotics_projects\vision_line_following\data\cnn_dataset\runs\run_20260720_210122\images\frame_000133.png
134,frame_000134.png,8.576,-0.00625,-0.010932,-0.007288,1.189068,1.210932,1,10514.0,run_20260720_210122,D:\robotics_projects\vision_line_following\data\cnn_dataset\runs\run_20260720_210122\images\frame_000134.png
135,frame_000135.png,8.64,0.0,0.012386,0.008257,1.212386,1.187614,1,10516.0,run_20260720_210122,D:\robotics_projects\vision_line_following\data\cnn_dataset\runs\run_20260720_210122\images\frame_000135.png
136,frame_000136.png,8.704,0.0,0.006967,0.004645,1.206967,1.193033,1,10517.5,run_20260720_210122,D:\robotics_projects\vision_line_following\data\cnn_dataset\runs\run_20260720_210122\images\frame_000136.png
137,frame_000137.png,8.768,0.0,0.003919,0.002613,1.203919,1.196081,1,10517.5,run_20260720_210122,D:\robotics_projects\vision_line_following\data\cnn_dataset\runs\run_20260720_210122\images\frame_000137.png
138,frame_000138.png,8.832,0.0,0.002204,0.00147,1.202204,1.197796,1,10516.0,run_20260720_210122,D:\robotics_projects\vision_line_following\data\cnn_dataset\runs\run_20260720_210122\images\frame_000138.png
139,frame_000139.png,8.896,0.0,0.00124,0.000827,1.20124,1.19876,1,10517.5,run_20260720_210122,D:\robotics_projects\vision_line_following\data\cnn_dataset\runs\run_20260720_210122\images\frame_000139.png
140,frame_000140.png,8.96,0.0,0.000697,0.000465,1.200697,1.199303,1,10500.5,run_20260720_210122,D:\robotics_projects\vision_line_following\data\cnn_dataset\runs\run_20260720_210122\images\frame_000140.png
141,frame_000141.png,9.024,0.0,0.000392,0.000262,1.200392,1.199608,1,10500.0,run_20260720_210122,D:\robotics_projects\vision_line_following\data\cnn_dataset\runs\run_20260720_210122\images\frame_000141.png
142,frame_000142.png,9.088,0.0,0.000221,0.000147,1.200221,1.199779,1,10495.5,run_20260720_210122,D:\robotics_projects\vision_line_following\data\cnn_dataset\runs\run_20260720_210122\images\frame_000142.png
143,frame_000143.png,9.152,0.0,0.000124,8.3e-05,1.200124,1.199876,1,10489.0,run_20260720_210122,D:\robotics_projects\vision_line_following\data\cnn_dataset\runs\run_20260720_210122\images\frame_000143.png
144,frame_000144.png,9.216,0.00625,0.023527,0.015685,1.223527,1.176473,1,10486.0,run_20260720_210122,D:\robotics_projects\vision_line_following\data\cnn_dataset\runs\run_20260720_210122\images\frame_000144.png
145,frame_000145.png,9.28,0.00625,0.018156,0.012104,1.218156,1.181844,1,10481.0,run_20260720_210122,D:\robotics_projects\vision_line_following\data\cnn_dataset\runs\run_20260720_210122\images\frame_000145.png
146,frame_000146.png,9.344,0.00625,0.015134,0.01009,1.215134,1.184866,1,10479.5,run_20260720_210122,D:\robotics_projects\vision_line_following\data\cnn_dataset\runs\run_20260720_210122\images\frame_000146.png
147,frame_000147.png,9.408,0.00625,0.013435,0.008957,1.213435,1.186565,1,10469.0,run_20260720_210122,D:\robotics_projects\vision_line_following\data\cnn_dataset\runs\run_20260720_210122\images\frame_000147.png
148,frame_000148.png,9.472,0.00625,0.012479,0.008319,1.212479,1.187521,1,10461.5,run_20260720_210122,D:\robotics_projects\vision_line_following\data\cnn_dataset\runs\run_20260720_210122\images\frame_000148.png
149,frame_000149.png,9.536,0.00625,0.011941,0.007961,1.211941,1.188059,1,10456.5,run_20260720_210122,D:\robotics_projects\vision_line_following\data\cnn_dataset\runs\run_20260720_210122\images\frame_000149.png
150,frame_000150.png,9.6,0.00625,0.011639,0.007759,1.211639,1.188361,1,10446.5,run_20260720_210122,D:\robotics_projects\vision_line_following\data\cnn_dataset\runs\run_20260720_210122\images\frame_000150.png
151,frame_000151.png,9.664,0.00625,0.011469,0.007646,1.211469,1.188531,1,10443.0,run_20260720_210122,D:\robotics_projects\vision_line_following\data\cnn_dataset\runs\run_20260720_210122\images\frame_000151.png
152,frame_000152.png,9.728,0.00625,0.011373,0.007582,1.211373,1.188627,1,10434.0,run_20260720_210122,D:\robotics_projects\vision_line_following\data\cnn_dataset\runs\run_20260720_210122\images\frame_000152.png
153,frame_000153.png,9.792,0.0125,0.034776,0.023184,1.234776,1.165224,1,10424.5,run_20260720_210122,D:\robotics_projects\vision_line_following\data\cnn_dataset\runs\run_20260720_210122\images\frame_000153.png
154,frame_000154.png,9.856,0.0125,0.032457,0.021638,1.232457,1.167543,1,10417.0,run_20260720_210122,D:\robotics_projects\vision_line_following\data\cnn_dataset\runs\run_20260720_210122\images\frame_000154.png
155,frame_000155.png,9.92,0.0125,0.028101,0.018734,1.228101,1.171899,1,10408.5,run_20260720_210122,D:\robotics_projects\vision_line_following\data\cnn_dataset\runs\run_20260720_210122\images\frame_000155.png
156,frame_000156.png,9.984,0.0125,0.025651,0.0171,1.225651,1.174349,1,10397.0,run_20260720_210122,D:\robotics_projects\vision_line_following\data\cnn_dataset\runs\run_20260720_210122\images\frame_000156.png
157,frame_000157.png,10.048,0.0125,0.024272,0.016181,1.224272,1.175728,1,10384.0,run_20260720_210122,D:\robotics_projects\vision_line_following\data\cnn_dataset\runs\run_20260720_210122\images\frame_000157.png
158,frame_000158.png,10.112,0.0125,0.023497,0.015665,1.223497,1.176503,1,10373.0,run_20260720_210122,D:\robotics_projects\vision_line_following\data\cnn_dataset\runs\run_20260720_210122\images\frame_000158.png
159,frame_000159.png,10.176,0.0125,0.023061,0.015374,1.223061,1.176939,1,10373.5,run_20260720_210122,D:\robotics_projects\vision_line_following\data\cnn_dataset\runs\run_20260720_210122\images\frame_000159.png
160,frame_000160.png,10.24,0.0125,0.022815,0.01521,1.222815,1.177185,1,10379.5,run_20260720_210122,D:\robotics_projects\vision_line_following\data\cnn_dataset\runs\run_20260720_210122\images\frame_000160.png
161,frame_000161.png,10.304,0.0125,0.022677,0.015118,1.222677,1.177323,1,10381.5,run_20260720_210122,D:\robotics_projects\vision_line_following\data\cnn_dataset\runs\run_20260720_210122\images\frame_000161.png
162,frame_000162.png,10.368,0.0125,0.0226,0.015067,1.2226,1.1774,1,10382.0,run_20260720_210122,D:\robotics_projects\vision_line_following\data\cnn_dataset\runs\run_20260720_210122\images\frame_000162.png
163,frame_000163.png,10.432,0.0125,0.022556,0.015037,1.222556,1.177444,1,10382.5,run_20260720_210122,D:\robotics_projects\vision_line_following\data\cnn_dataset\runs\run_20260720_210122\images\frame_000163.png
164,frame_000164.png,10.496,0.0125,0.022532,0.015021,1.222532,1.177468,1,10378.5,run_20260720_210122,D:\robotics_projects\vision_line_following\data\cnn_dataset\runs\run_20260720_210122\images\frame_000164.png
165,frame_000165.png,10.56,0.0125,0.022518,0.015012,1.222518,1.177482,1,10376.5,run_20260720_210122,D:\robotics_projects\vision_line_following\data\cnn_dataset\runs\run_20260720_210122\images\frame_000165.png
166,frame_000166.png,10.624,0.0125,0.02251,0.015007,1.22251,1.17749,1,10371.0,run_20260720_210122,D:\robotics_projects\vision_line_following\data\cnn_dataset\runs\run_20260720_210122\images\frame_000166.png
167,frame_000167.png,10.688,0.0125,0.022506,0.015004,1.222506,1.177494,1,10365.0,run_20260720_210122,D:\robotics_projects\vision_line_following\data\cnn_dataset\runs\run_20260720_210122\images\frame_000167.png
168,frame_000168.png,10.752,0.0125,0.022503,0.015002,1.222503,1.177497,1,10361.0,run_20260720_210122,D:\robotics_projects\vision_line_following\data\cnn_dataset\runs\run_20260720_210122\images\frame_000168.png
169,frame_000169.png,10.816,0.0125,0.022502,0.015001,1.222502,1.177498,1,10358.0,run_20260720_210122,D:\robotics_projects\vision_line_following\data\cnn_dataset\runs\run_20260720_210122\images\frame_000169.png
170,frame_000170.png,10.88,0.0125,0.022501,0.015001,1.222501,1.177499,1,10354.0,run_20260720_210122,D:\robotics_projects\vision_line_following\data\cnn_dataset\runs\run_20260720_210122\images\frame_000170.png
171,frame_000171.png,10.944,0.00625,-0.000956,-0.000638,1.199044,1.200956,1,10366.0,run_20260720_210122,D:\robotics_projects\vision_line_following\data\cnn_dataset\runs\run_20260720_210122\images\frame_000171.png
172,frame_000172.png,11.008,0.0125,0.024789,0.016526,1.224789,1.175211,1,10380.5,run_20260720_210122,D:\robotics_projects\vision_line_following\data\cnn_dataset\runs\run_20260720_210122\images\frame_000172.png
173,frame_000173.png,11.072,0.0125,0.026839,0.017893,1.226839,1.173161,1,10397.5,run_20260720_210122,D:\robotics_projects\vision_line_following\data\cnn_dataset\runs\run_20260720_210122\images\frame_000173.png
174,frame_000174.png,11.136,0.00625,0.001484,0.000989,1.201484,1.198516,1,10401.5,run_20260720_210122,D:\robotics_projects\vision_line_following\data\cnn_dataset\runs\run_20260720_210122\images\frame_000174.png
175,frame_000175.png,11.2,0.0125,0.026162,0.017441,1.226162,1.173838,1,10406.0,run_20260720_210122,D:\robotics_projects\vision_line_following\data\cnn_dataset\runs\run_20260720_210122\images\frame_000175.png
176,frame_000176.png,11.264,0.00625,0.001103,0.000735,1.201103,1.198897,1,10418.0,run_20260720_210122,D:\robotics_projects\vision_line_following\data\cnn_dataset\runs\run_20260720_210122\images\frame_000176.png
177,frame_000177.png,11.328,0.0125,0.025947,0.017298,1.225947,1.174053,1,10423.5,run_20260720_210122,D:\robotics_projects\vision_line_following\data\cnn_dataset\runs\run_20260720_210122\images\frame_000177.png
178,frame_000178.png,11.392,0.00625,0.000982,0.000655,1.200982,1.199018,1,10426.5,run_20260720_210122,D:\robotics_projects\vision_line_following\data\cnn_dataset\runs\run_20260720_210122\images\frame_000178.png
179,frame_000179.png,11.456,0.0125,0.02588,0.017253,1.22588,1.17412,1,10433.0,run_20260720_210122,D:\robotics_projects\vision_line_following\data\cnn_dataset\runs\run_20260720_210122\images\frame_000179.png
180,frame_000180.png,11.52,0.0125,0.024401,0.016267,1.224401,1.175599,1,10437.5,run_20260720_210122,D:\robotics_projects\vision_line_following\data\cnn_dataset\runs\run_20260720_210122\images\frame_000180.png
181,frame_000181.png,11.584,0.0125,0.023569,0.015713,1.223569,1.176431,1,10450.0,run_20260720_210122,D:\robotics_projects\vision_line_following\data\cnn_dataset\runs\run_20260720_210122\images\frame_000181.png
182,frame_000182.png,11.648,0.0125,0.026153,0.017436,1.226153,1.173847,1,10468.5,run_20260720_210122,D:\robotics_projects\vision_line_following\data\cnn_dataset\runs\run_20260720_210122\images\frame_000182.png
183,frame_000183.png,11.712,0.0125,0.024555,0.01637,1.224555,1.175445,1,10476.5,run_20260720_210122,D:\robotics_projects\vision_line_following\data\cnn_dataset\runs\run_20260720_210122\images\frame_000183.png
184,frame_000184.png,11.776,0.0125,0.023656,0.015771,1.223656,1.176344,1,10482.5,run_20260720_210122,D:\robotics_projects\vision_line_following\data\cnn_dataset\runs\run_20260720_210122\images\frame_000184.png
185,frame_000185.png,11.84,0.0125,0.02315,0.015433,1.22315,1.17685,1,10487.0,run_20260720_210122,D:\robotics_projects\vision_line_following\data\cnn_dataset\runs\run_20260720_210122\images\frame_000185.png
186,frame_000186.png,11.904,0.0125,0.022866,0.015244,1.222866,1.177134,1,10496.5,run_20260720_210122,D:\robotics_projects\vision_line_following\data\cnn_dataset\runs\run_20260720_210122\images\frame_000186.png
187,frame_000187.png,11.968,0.0125,0.022706,0.015137,1.222706,1.177294,1,10505.5,run_20260720_210122,D:\robotics_projects\vision_line_following\data\cnn_dataset\runs\run_20260720_210122\images\frame_000187.png
188,frame_000188.png,12.032,0.0125,0.022616,0.015077,1.222616,1.177384,1,10507.0,run_20260720_210122,D:\robotics_projects\vision_line_following\data\cnn_dataset\runs\run_20260720_210122\images\frame_000188.png
189,frame_000189.png,12.096,0.0125,0.022565,0.015043,1.222565,1.177435,1,10508.5,run_20260720_210122,D:\robotics_projects\vision_line_following\data\cnn_dataset\runs\run_20260720_210122\images\frame_000189.png
190,frame_000190.png,12.16,0.0125,0.022537,0.015024,1.222537,1.177463,1,10518.0,run_20260720_210122,D:\robotics_projects\vision_line_following\data\cnn_dataset\runs\run_20260720_210122\images\frame_000190.png
191,frame_000191.png,12.224,0.0125,0.022521,0.015014,1.222521,1.177479,1,10510.0,run_20260720_210122,D:\robotics_projects\vision_line_following\data\cnn_dataset\runs\run_20260720_210122\images\frame_000191.png
192,frame_000192.png,12.288,0.0125,0.022512,0.015008,1.222512,1.177488,1,10512.5,run_20260720_210122,D:\robotics_projects\vision_line_following\data\cnn_dataset\runs\run_20260720_210122\images\frame_000192.png
193,frame_000193.png,12.352,0.0125,0.022507,0.015004,1.222507,1.177493,1,10506.5,run_20260720_210122,D:\robotics_projects\vision_line_following\data\cnn_dataset\runs\run_20260720_210122\images\frame_000193.png
194,frame_000194.png,12.416,0.01875,0.045961,0.03064,1.245961,1.154039,1,10509.5,run_20260720_210122,D:\robotics_projects\vision_line_following\data\cnn_dataset\runs\run_20260720_210122\images\frame_000194.png
195,frame_000195.png,12.48,0.01875,0.04367,0.029114,1.24367,1.15633,1,10514.0,run_20260720_210122,D:\robotics_projects\vision_line_following\data\cnn_dataset\runs\run_20260720_210122\images\frame_000195.png
196,frame_000196.png,12.544,0.01875,0.03933,0.02622,1.23933,1.16067,1,10508.5,run_20260720_210122,D:\robotics_projects\vision_line_following\data\cnn_dataset\runs\run_20260720_210122\images\frame_000196.png
197,frame_000197.png,12.608,0.01875,0.039941,0.026627,1.239941,1.160059,1,10514.0,run_20260720_210122,D:\robotics_projects\vision_line_following\data\cnn_dataset\runs\run_20260720_210122\images\frame_000197.png
198,frame_000198.png,12.672,0.01875,0.037232,0.024821,1.237232,1.162768,1,10525.0,run_20260720_210122,D:\robotics_projects\vision_line_following\data\cnn_dataset\runs\run_20260720_210122\images\frame_000198.png
199,frame_000199.png,12.736,0.01875,0.035709,0.023806,1.235709,1.164291,1,10522.0,run_20260720_210122,D:\robotics_projects\vision_line_following\data\cnn_dataset\runs\run_20260720_210122\images\frame_000199.png
200,frame_000200.png,12.8,0.01875,0.034852,0.023235,1.234852,1.165148,1,10530.5,run_20260720_210122,D:\robotics_projects\vision_line_following\data\cnn_dataset\runs\run_20260720_210122\images\frame_000200.png
201,frame_000201.png,12.864,0.01875,0.03437,0.022913,1.23437,1.16563,1,10530.5,run_20260720_210122,D:\robotics_projects\vision_line_following\data\cnn_dataset\runs\run_20260720_210122\images\frame_000201.png
202,frame_000202.png,12.928,0.01875,0.034099,0.022732,1.234099,1.165901,1,10527.0,run_20260720_210122,D:\robotics_projects\vision_line_following\data\cnn_dataset\runs\run_20260720_210122\images\frame_000202.png
203,frame_000203.png,12.992,0.01875,0.033946,0.022631,1.233946,1.166054,1,10543.5,run_20260720_210122,D:\robotics_projects\vision_line_following\data\cnn_dataset\runs\run_20260720_210122\images\frame_000203.png
204,frame_000204.png,13.056,0.01875,0.03386,0.022574,1.23386,1.16614,1,10529.5,run_20260720_210122,D:\robotics_projects\vision_line_following\data\cnn_dataset\runs\run_20260720_210122\images\frame_000204.png
205,frame_000205.png,13.12,0.01875,0.033812,0.022541,1.233812,1.166188,1,10529.0,run_20260720_210122,D:\robotics_projects\vision_line_following\data\cnn_dataset\runs\run_20260720_210122\images\frame_000205.png
206,frame_000206.png,13.184,0.01875,0.033785,0.022523,1.233785,1.166215,1,10519.0,run_20260720_210122,D:\robotics_projects\vision_line_following\data\cnn_dataset\runs\run_20260720_210122\images\frame_000206.png
207,frame_000207.png,13.248,0.01875,0.03377,0.022513,1.23377,1.16623,1,10510.5,run_20260720_210122,D:\robotics_projects\vision_line_following\data\cnn_dataset\runs\run_20260720_210122\images\frame_000207.png
208,frame_000208.png,13.312,0.01875,0.033761,0.022507,1.233761,1.166239,1,10521.0,run_20260720_210122,D:\robotics_projects\vision_line_following\data\cnn_dataset\runs\run_20260720_210122\images\frame_000208.png
209,frame_000209.png,13.376,0.01875,0.033756,0.022504,1.233756,1.166244,1,10533.5,run_20260720_210122,D:\robotics_projects\vision_line_following\data\cnn_dataset\runs\run_20260720_210122\images\frame_000209.png
210,frame_000210.png,13.44,0.025,0.057211,0.03814,1.257211,1.142789,1,10522.5,run_20260720_210122,D:\robotics_projects\vision_line_following\data\cnn_dataset\runs\run_20260720_210122\images\frame_000210.png
211,frame_000211.png,13.504,0.025,0.05492,0.036613,1.25492,1.14508,1,10520.5,run_20260720_210122,D:\robotics_projects\vision_line_following\data\cnn_dataset\runs\run_20260720_210122\images\frame_000211.png
212,frame_000212.png,13.568,0.01875,0.027123,0.018082,1.227123,1.172877,1,10536.5,run_20260720_210122,D:\robotics_projects\vision_line_following\data\cnn_dataset\runs\run_20260720_210122\images\frame_000212.png
213,frame_000213.png,13.632,0.025,0.050428,0.033618,1.250428,1.149572,1,10546.0,run_20260720_210122,D:\robotics_projects\vision_line_following\data\cnn_dataset\runs\run_20260720_210122\images\frame_000213.png
214,frame_000214.png,13.696,0.025,0.048053,0.032035,1.248053,1.151947,1,10515.5,run_20260720_210122,D:\robotics_projects\vision_line_following\data\cnn_dataset\runs\run_20260720_210122\images\frame_000214.png
215,frame_000215.png,13.76,0.01875,0.02326,0.015507,1.22326,1.17674,1,10545.5,run_20260720_210122,D:\robotics_projects\vision_line_following\data\cnn_dataset\runs\run_20260720_210122\images\frame_000215.png
216,frame_000216.png,13.824,0.025,0.048255,0.03217,1.248255,1.151745,1,10534.5,run_20260720_210122,D:\robotics_projects\vision_line_following\data\cnn_dataset\runs\run_20260720_210122\images\frame_000216.png
217,frame_000217.png,13.888,0.025,0.046831,0.031221,1.246831,1.153169,1,10506.0,run_20260720_210122,D:\robotics_projects\vision_line_following\data\cnn_dataset\runs\run_20260720_210122\images\frame_000217.png
218,frame_000218.png,13.952,0.025,0.04603,0.030687,1.24603,1.15397,1,10518.5,run_20260720_210122,D:\robotics_projects\vision_line_following\data\cnn_dataset\runs\run_20260720_210122\images\frame_000218.png
219,frame_000219.png,14.016,0.025,0.045579,0.030386,1.245579,1.154421,1,10498.5,run_20260720_210122,D:\robotics_projects\vision_line_following\data\cnn_dataset\runs\run_20260720_210122\images\frame_000219.png
220,frame_000220.png,14.08,0.025,0.045326,0.030217,1.245326,1.154674,1,10470.0,run_20260720_210122,D:\robotics_projects\vision_line_following\data\cnn_dataset\runs\run_20260720_210122\images\frame_000220.png
221,frame_000221.png,14.144,0.025,0.045183,0.030122,1.245183,1.154817,1,10475.0,run_20260720_210122,D:\robotics_projects\vision_line_following\data\cnn_dataset\runs\run_20260720_210122\images\frame_000221.png
222,frame_000222.png,14.208,0.025,0.045103,0.030069,1.245103,1.154897,1,10464.0,run_20260720_210122,D:\robotics_projects\vision_line_following\data\cnn_dataset\runs\run_20260720_210122\images\frame_000222.png
223,frame_000223.png,14.272,0.025,0.045058,0.030039,1.245058,1.154942,1,10467.5,run_20260720_210122,D:\robotics_projects\vision_line_following\data\cnn_dataset\runs\run_20260720_210122\images\frame_000223.png
224,frame_000224.png,14.336,0.025,0.045033,0.030022,1.245033,1.154967,1,10466.5,run_20260720_210122,D:\robotics_projects\vision_line_following\data\cnn_dataset\runs\run_20260720_210122\images\frame_000224.png
225,frame_000225.png,14.4,0.025,0.045018,0.030012,1.245018,1.154982,1,10452.0,run_20260720_210122,D:\robotics_projects\vision_line_following\data\cnn_dataset\runs\run_20260720_210122\images\frame_000225.png
226,frame_000226.png,14.464,0.025,0.04501,0.030007,1.24501,1.15499,1,10459.5,run_20260720_210122,D:\robotics_projects\vision_line_following\data\cnn_dataset\runs\run_20260720_210122\images\frame_000226.png
227,frame_000227.png,14.528,0.025,0.045006,0.030004,1.245006,1.154994,1,10441.5,run_20260720_210122,D:\robotics_projects\vision_line_following\data\cnn_dataset\runs\run_20260720_210122\images\frame_000227.png
228,frame_000228.png,14.592,0.03125,0.06846,0.04564,1.26846,1.13154,1,10423.5,run_20260720_210122,D:\robotics_projects\vision_line_following\data\cnn_dataset\runs\run_20260720_210122\images\frame_000228.png
229,frame_000229.png,14.656,0.03125,0.06617,0.044113,1.26617,1.13383,1,10407.5,run_20260720_210122,D:\robotics_projects\vision_line_following\data\cnn_dataset\runs\run_20260720_210122\images\frame_000229.png
230,frame_000230.png,14.72,0.03125,0.064882,0.043255,1.264882,1.135118,1,10389.0,run_20260720_210122,D:\robotics_projects\vision_line_following\data\cnn_dataset\runs\run_20260720_210122\images\frame_000230.png
231,frame_000231.png,14.784,0.025,0.0407,0.027133,1.2407,1.1593,1,10380.0,run_20260720_210122,D:\robotics_projects\vision_line_following\data\cnn_dataset\runs\run_20260720_210122\images\frame_000231.png
232,frame_000232.png,14.848,0.03125,0.066038,0.044026,1.266038,1.133962,1,10369.5,run_20260720_210122,D:\robotics_projects\vision_line_following\data\cnn_dataset\runs\run_20260720_210122\images\frame_000232.png
233,frame_000233.png,14.912,0.025,0.041351,0.027567,1.241351,1.158649,1,10364.0,run_20260720_210122,D:\robotics_projects\vision_line_following\data\cnn_dataset\runs\run_20260720_210122\images\frame_000233.png
234,frame_000234.png,14.976,0.025,0.042947,0.028632,1.242947,1.157053,1,10363.0,run_20260720_210122,D:\robotics_projects\vision_line_following\data\cnn_dataset\runs\run_20260720_210122\images\frame_000234.png
235,frame_000235.png,15.04,0.025,0.043845,0.02923,1.243845,1.156155,1,10361.0,run_20260720_210122,D:\robotics_projects\vision_line_following\data\cnn_dataset\runs\run_20260720_210122\images\frame_000235.png
236,frame_000236.png,15.104,0.025,0.04435,0.029567,1.24435,1.15565,1,10362.0,run_20260720_210122,D:\robotics_projects\vision_line_following\data\cnn_dataset\runs\run_20260720_210122\images\frame_000236.png
237,frame_000237.png,15.168,0.025,0.044635,0.029756,1.244635,1.155365,1,10359.5,run_20260720_210122,D:\robotics_projects\vision_line_following\data\cnn_dataset\runs\run_20260720_210122\images\frame_000237.png
238,frame_000238.png,15.232,0.025,0.044794,0.029863,1.244794,1.155206,1,10356.0,run_20260720_210122,D:\robotics_projects\vision_line_following\data\cnn_dataset\runs\run_20260720_210122\images\frame_000238.png
239,frame_000239.png,15.296,0.025,0.044884,0.029923,1.244884,1.155116,1,10358.0,run_20260720_210122,D:\robotics_projects\vision_line_following\data\cnn_dataset\runs\run_20260720_210122\images\frame_000239.png
240,frame_000240.png,15.36,0.025,0.044935,0.029957,1.244935,1.155065,1,10356.5,run_20260720_210122,D:\robotics_projects\vision_line_following\data\cnn_dataset\runs\run_20260720_210122\images\frame_000240.png
241,frame_000241.png,15.424,0.025,0.044963,0.029976,1.244963,1.155037,1,10350.5,run_20260720_210122,D:\robotics_projects\vision_line_following\data\cnn_dataset\runs\run_20260720_210122\images\frame_000241.png
242,frame_000242.png,15.488,0.025,0.044979,0.029986,1.244979,1.155021,1,10348.5,run_20260720_210122,D:\robotics_projects\vision_line_following\data\cnn_dataset\runs\run_20260720_210122\images\frame_000242.png
243,frame_000243.png,15.552,0.025,0.044988,0.029992,1.244988,1.155012,1,10357.5,run_20260720_210122,D:\robotics_projects\vision_line_following\data\cnn_dataset\runs\run_20260720_210122\images\frame_000243.png
244,frame_000244.png,15.616,0.025,0.044993,0.029996,1.244993,1.155007,1,10361.0,run_20260720_210122,D:\robotics_projects\vision_line_following\data\cnn_dataset\runs\run_20260720_210122\images\frame_000244.png
245,frame_000245.png,15.68,0.025,0.044996,0.029998,1.244996,1.155004,1,10357.0,run_20260720_210122,D:\robotics_projects\vision_line_following\data\cnn_dataset\runs\run_20260720_210122\images\frame_000245.png
246,frame_000246.png,15.744,0.025,0.044998,0.029999,1.244998,1.155002,1,10365.0,run_20260720_210122,D:\robotics_projects\vision_line_following\data\cnn_dataset\runs\run_20260720_210122\images\frame_000246.png
247,frame_000247.png,15.808,0.025,0.044999,0.029999,1.244999,1.155001,1,10368.0,run_20260720_210122,D:\robotics_projects\vision_line_following\data\cnn_dataset\runs\run_20260720_210122\images\frame_000247.png
248,frame_000248.png,15.872,0.025,0.044999,0.03,1.244999,1.155001,1,10375.5,run_20260720_210122,D:\robotics_projects\vision_line_following\data\cnn_dataset\runs\run_20260720_210122\images\frame_000248.png
249,frame_000249.png,15.936,0.025,0.045,0.03,1.245,1.155,1,10387.5,run_20260720_210122,D:\robotics_projects\vision_line_following\data\cnn_dataset\runs\run_20260720_210122\images\frame_000249.png
250,frame_000250.png,16.0,0.025,0.045,0.03,1.245,1.155,1,10396.5,run_20260720_210122,D:\robotics_projects\vision_line_following\data\cnn_dataset\runs\run_20260720_210122\images\frame_000250.png
251,frame_000251.png,16.064,0.025,0.045,0.03,1.245,1.155,1,10411.0,run_20260720_210122,D:\robotics_projects\vision_line_following\data\cnn_dataset\runs\run_20260720_210122\images\frame_000251.png
252,frame_000252.png,16.128,0.01875,0.021543,0.014362,1.221543,1.178457,1,10422.5,run_20260720_210122,D:\robotics_projects\vision_line_following\data\cnn_dataset\runs\run_20260720_210122\images\frame_000252.png
253,frame_000253.png,16.192,0.025,0.047289,0.031526,1.247289,1.152711,1,10436.5,run_20260720_210122,D:\robotics_projects\vision_line_following\data\cnn_dataset\runs\run_20260720_210122\images\frame_000253.png
254,frame_000254.png,16.256,0.025,0.049339,0.032893,1.249339,1.150661,1,10447.5,run_20260720_210122,D:\robotics_projects\vision_line_following\data\cnn_dataset\runs\run_20260720_210122\images\frame_000254.png
255,frame_000255.png,16.32,0.01875,0.023984,0.015989,1.223984,1.176016,1,10442.5,run_20260720_210122,D:\robotics_projects\vision_line_following\data\cnn_dataset\runs\run_20260720_210122\images\frame_000255.png
256,frame_000256.png,16.384,0.025,0.048662,0.032441,1.248662,1.151338,1,10447.5,run_20260720_210122,D:\robotics_projects\vision_line_following\data\cnn_dataset\runs\run_20260720_210122\images\frame_000256.png
257,frame_000257.png,16.448,0.01875,0.023603,0.015735,1.223603,1.176397,1,10443.0,run_20260720_210122,D:\robotics_projects\vision_line_following\data\cnn_dataset\runs\run_20260720_210122\images\frame_000257.png
258,frame_000258.png,16.512,0.025,0.048447,0.032298,1.248447,1.151553,1,10448.5,run_20260720_210122,D:\robotics_projects\vision_line_following\data\cnn_dataset\runs\run_20260720_210122\images\frame_000258.png
259,frame_000259.png,16.576,0.025,0.046939,0.031293,1.246939,1.153061,1,10443.5,run_20260720_210122,D:\robotics_projects\vision_line_following\data\cnn_dataset\runs\run_20260720_210122\images\frame_000259.png
260,frame_000260.png,16.64,0.025,0.049143,0.032762,1.249143,1.150857,1,10451.5,run_20260720_210122,D:\robotics_projects\vision_line_following\data\cnn_dataset\runs\run_20260720_210122\images\frame_000260.png
261,frame_000261.png,16.704,0.025,0.04733,0.031553,1.24733,1.15267,1,10458.5,run_20260720_210122,D:\robotics_projects\vision_line_following\data\cnn_dataset\runs\run_20260720_210122\images\frame_000261.png
262,frame_000262.png,16.768,0.025,0.046311,0.030874,1.246311,1.153689,1,10461.5,run_20260720_210122,D:\robotics_projects\vision_line_following\data\cnn_dataset\runs\run_20260720_210122\images\frame_000262.png
263,frame_000263.png,16.832,0.025,0.045737,0.030492,1.245737,1.154263,1,10468.5,run_20260720_210122,D:\robotics_projects\vision_line_following\data\cnn_dataset\runs\run_20260720_210122\images\frame_000263.png
264,frame_000264.png,16.896,0.025,0.045415,0.030276,1.245415,1.154585,1,10473.5,run_20260720_210122,D:\robotics_projects\vision_line_following\data\cnn_dataset\runs\run_20260720_210122\images\frame_000264.png
265,frame_000265.png,16.96,0.025,0.045233,0.030156,1.245233,1.154767,1,10479.0,run_20260720_210122,D:\robotics_projects\vision_line_following\data\cnn_dataset\runs\run_20260720_210122\images\frame_000265.png
266,frame_000266.png,17.024,0.025,0.045131,0.030087,1.245131,1.154869,1,10476.0,run_20260720_210122,D:\robotics_projects\vision_line_following\data\cnn_dataset\runs\run_20260720_210122\images\frame_000266.png
267,frame_000267.png,17.088,0.025,0.045074,0.030049,1.245074,1.154926,1,10479.5,run_20260720_210122,D:\robotics_projects\vision_line_following\data\cnn_dataset\runs\run_20260720_210122\images\frame_000267.png
268,frame_000268.png,17.152,0.025,0.045042,0.030028,1.245042,1.154958,1,10477.0,run_20260720_210122,D:\robotics_projects\vision_line_following\data\cnn_dataset\runs\run_20260720_210122\images\frame_000268.png
269,frame_000269.png,17.216,0.025,0.045023,0.030016,1.245023,1.154977,1,10464.0,run_20260720_210122,D:\robotics_projects\vision_line_following\data\cnn_dataset\runs\run_20260720_210122\images\frame_000269.png
270,frame_000270.png,17.28,0.025,0.045013,0.030009,1.245013,1.154987,1,10468.0,run_20260720_210122,D:\robotics_projects\vision_line_following\data\cnn_dataset\runs\run_20260720_210122\images\frame_000270.png
271,frame_000271.png,17.344,0.025,0.045007,0.030005,1.245007,1.154993,1,10466.0,run_20260720_210122,D:\robotics_projects\vision_line_following\data\cnn_dataset\runs\run_20260720_210122\images\frame_000271.png
272,frame_000272.png,17.408,0.025,0.045004,0.030003,1.245004,1.154996,1,10465.0,run_20260720_210122,D:\robotics_projects\vision_line_following\data\cnn_dataset\runs\run_20260720_210122\images\frame_000272.png
273,frame_000273.png,17.472,0.025,0.045002,0.030002,1.245002,1.154998,1,10464.0,run_20260720_210122,D:\robotics_projects\vision_line_following\data\cnn_dataset\runs\run_20260720_210122\images\frame_000273.png
274,frame_000274.png,17.536,0.025,0.045001,0.030001,1.245001,1.154999,1,10468.5,run_20260720_210122,D:\robotics_projects\vision_line_following\data\cnn_dataset\runs\run_20260720_210122\images\frame_000274.png
275,frame_000275.png,17.6,0.025,0.045001,0.03,1.245001,1.154999,1,10477.0,run_20260720_210122,D:\robotics_projects\vision_line_following\data\cnn_dataset\runs\run_20260720_210122\images\frame_000275.png
276,frame_000276.png,17.664,0.025,0.045,0.03,1.245,1.155,1,10477.5,run_20260720_210122,D:\robotics_projects\vision_line_following\data\cnn_dataset\runs\run_20260720_210122\images\frame_000276.png
277,frame_000277.png,17.728,0.025,0.045,0.03,1.245,1.155,1,10478.5,run_20260720_210122,D:\robotics_projects\vision_line_following\data\cnn_dataset\runs\run_20260720_210122\images\frame_000277.png
278,frame_000278.png,17.792,0.025,0.045,0.03,1.245,1.155,1,10481.0,run_20260720_210122,D:\robotics_projects\vision_line_following\data\cnn_dataset\runs\run_20260720_210122\images\frame_000278.png
279,frame_000279.png,17.856,0.025,0.045,0.03,1.245,1.155,1,10476.0,run_20260720_210122,D:\robotics_projects\vision_line_following\data\cnn_dataset\runs\run_20260720_210122\images\frame_000279.png
280,frame_000280.png,17.92,0.025,0.045,0.03,1.245,1.155,1,10478.0,run_20260720_210122,D:\robotics_projects\vision_line_following\data\cnn_dataset\runs\run_20260720_210122\images\frame_000280.png
281,frame_000281.png,17.984,0.025,0.041948,0.027966,1.241948,1.158052,1,10471.5,run_20260720_210122,D:\robotics_projects\vision_line_following\data\cnn_dataset\runs\run_20260720_210122\images\frame_000281.png
282,frame_000282.png,18.048,0.025,0.040232,0.026821,1.240232,1.159768,1,10465.5,run_20260720_210122,D:\robotics_projects\vision_line_following\data\cnn_dataset\runs\run_20260720_210122\images\frame_000282.png
283,frame_000283.png,18.112,0.025,0.039266,0.026177,1.239266,1.160734,1,10461.0,run_20260720_210122,D:\robotics_projects\vision_line_following\data\cnn_dataset\runs\run_20260720_210122\images\frame_000283.png
284,frame_000284.png,18.176,0.03125,0.06218,0.041453,1.26218,1.13782,1,10456.5,run_20260720_210122,D:\robotics_projects\vision_line_following\data\cnn_dataset\runs\run_20260720_210122\images\frame_000284.png
285,frame_000285.png,18.24,0.025,0.036129,0.024086,1.236129,1.163871,1,10455.0,run_20260720_210122,D:\robotics_projects\vision_line_following\data\cnn_dataset\runs\run_20260720_210122\images\frame_000285.png
286,frame_000286.png,18.304,0.03125,0.060415,0.040277,1.260415,1.139585,1,10451.0,run_20260720_210122,D:\robotics_projects\vision_line_following\data\cnn_dataset\runs\run_20260720_210122\images\frame_000286.png
287,frame_000287.png,18.368,0.025,0.035136,0.023424,1.235136,1.164864,1,10457.5,run_20260720_210122,D:\robotics_projects\vision_line_following\data\cnn_dataset\runs\run_20260720_210122\images\frame_000287.png
288,frame_000288.png,18.432,0.03125,0.059857,0.039904,1.259857,1.140143,1,10446.5,run_20260720_210122,D:\robotics_projects\vision_line_following\data\cnn_dataset\runs\run_20260720_210122\images\frame_000288.png
289,frame_000289.png,18.496,0.03125,0.058279,0.038853,1.258279,1.141721,1,10462.0,run_20260720_210122,D:\robotics_projects\vision_line_following\data\cnn_dataset\runs\run_20260720_210122\images\frame_000289.png
290,frame_000290.png,18.56,0.03125,0.057391,0.038261,1.257391,1.142609,1,10443.0,run_20260720_210122,D:\robotics_projects\vision_line_following\data\cnn_dataset\runs\run_20260720_210122\images\frame_000290.png
291,frame_000291.png,18.624,0.03125,0.056892,0.037928,1.256892,1.143108,1,10433.0,run_20260720_210122,D:\robotics_projects\vision_line_following\data\cnn_dataset\runs\run_20260720_210122\images\frame_000291.png
292,frame_000292.png,18.688,0.03125,0.056611,0.037741,1.256611,1.143389,1,10412.5,run_20260720_210122,D:\robotics_projects\vision_line_following\data\cnn_dataset\runs\run_20260720_210122\images\frame_000292.png
293,frame_000293.png,18.752,0.03125,0.056453,0.037635,1.256453,1.143547,1,10409.0,run_20260720_210122,D:\robotics_projects\vision_line_following\data\cnn_dataset\runs\run_20260720_210122\images\frame_000293.png
294,frame_000294.png,18.816,0.03125,0.056364,0.037576,1.256364,1.143636,1,10390.0,run_20260720_210122,D:\robotics_projects\vision_line_following\data\cnn_dataset\runs\run_20260720_210122\images\frame_000294.png
295,frame_000295.png,18.88,0.03125,0.056314,0.037543,1.256314,1.143686,1,10382.5,run_20260720_210122,D:\robotics_projects\vision_line_following\data\cnn_dataset\runs\run_20260720_210122\images\frame_000295.png
296,frame_000296.png,18.944,0.03125,0.056286,0.037524,1.256286,1.143714,1,10371.5,run_20260720_210122,D:\robotics_projects\vision_line_following\data\cnn_dataset\runs\run_20260720_210122\images\frame_000296.png
297,frame_000297.png,19.008,0.03125,0.05627,0.037514,1.25627,1.14373,1,10356.0,run_20260720_210122,D:\robotics_projects\vision_line_following\data\cnn_dataset\runs\run_20260720_210122\images\frame_000297.png
298,frame_000298.png,19.072,0.03125,0.056261,0.037508,1.256261,1.143739,1,10351.0,run_20260720_210122,D:\robotics_projects\vision_line_following\data\cnn_dataset\runs\run_20260720_210122\images\frame_000298.png
299,frame_000299.png,19.136,0.03125,0.056256,0.037504,1.256256,1.143744,1,10334.0,run_20260720_210122,D:\robotics_projects\vision_line_following\data\cnn_dataset\runs\run_20260720_210122\images\frame_000299.png
300,frame_000300.png,19.2,0.03125,0.056254,0.037502,1.256254,1.143746,1,10321.0,run_20260720_210122,D:\robotics_projects\vision_line_following\data\cnn_dataset\runs\run_20260720_210122\images\frame_000300.png
301,frame_000301.png,19.264,0.03125,0.056252,0.037501,1.256252,1.143748,1,10309.5,run_20260720_210122,D:\robotics_projects\vision_line_following\data\cnn_dataset\runs\run_20260720_210122\images\frame_000301.png
302,frame_000302.png,19.328,0.03125,0.056251,0.037501,1.256251,1.143749,1,10309.5,run_20260720_210122,D:\robotics_projects\vision_line_following\data\cnn_dataset\runs\run_20260720_210122\images\frame_000302.png
303,frame_000303.png,19.392,0.03125,0.056251,0.0375,1.256251,1.143749,1,10307.0,run_20260720_210122,D:\robotics_projects\vision_line_following\data\cnn_dataset\runs\run_20260720_210122\images\frame_000303.png
304,frame_000304.png,19.456,0.03125,0.05625,0.0375,1.25625,1.14375,1,10297.0,run_20260720_210122,D:\robotics_projects\vision_line_following\data\cnn_dataset\runs\run_20260720_210122\images\frame_000304.png
305,frame_000305.png,19.52,0.03125,0.05625,0.0375,1.25625,1.14375,1,10291.0,run_20260720_210122,D:\robotics_projects\vision_line_following\data\cnn_dataset\runs\run_20260720_210122\images\frame_000305.png
306,frame_000306.png,19.584,0.03125,0.05625,0.0375,1.25625,1.14375,1,10282.0,run_20260720_210122,D:\robotics_projects\vision_line_following\data\cnn_dataset\runs\run_20260720_210122\images\frame_000306.png
307,frame_000307.png,19.648,0.03125,0.05625,0.0375,1.25625,1.14375,1,10273.0,run_20260720_210122,D:\robotics_projects\vision_line_following\data\cnn_dataset\runs\run_20260720_210122\images\frame_000307.png
308,frame_000308.png,19.712,0.03125,0.05625,0.0375,1.25625,1.14375,1,10265.0,run_20260720_210122,D:\robotics_projects\vision_line_following\data\cnn_dataset\runs\run_20260720_210122\images\frame_000308.png
309,frame_000309.png,19.776,0.03125,0.05625,0.0375,1.25625,1.14375,1,10260.0,run_20260720_210122,D:\robotics_projects\vision_line_following\data\cnn_dataset\runs\run_20260720_210122\images\frame_000309.png
310,frame_000310.png,19.84,0.03125,0.05625,0.0375,1.25625,1.14375,1,10248.5,run_20260720_210122,D:\robotics_projects\vision_line_following\data\cnn_dataset\runs\run_20260720_210122\images\frame_000310.png
311,frame_000311.png,19.904,0.03125,0.05625,0.0375,1.25625,1.14375,1,10247.0,run_20260720_210122,D:\robotics_projects\vision_line_following\data\cnn_dataset\runs\run_20260720_210122\images\frame_000311.png
312,frame_000312.png,19.968,0.03125,0.059302,0.039535,1.259302,1.140698,1,10241.0,run_20260720_210122,D:\robotics_projects\vision_line_following\data\cnn_dataset\runs\run_20260720_210122\images\frame_000312.png
313,frame_000313.png,20.032,0.025,0.037561,0.025041,1.237561,1.162439,1,10251.5,run_20260720_210122,D:\robotics_projects\vision_line_following\data\cnn_dataset\runs\run_20260720_210122\images\frame_000313.png
314,frame_000314.png,20.096,0.025,0.037764,0.025176,1.237764,1.162236,1,10263.0,run_20260720_210122,D:\robotics_projects\vision_line_following\data\cnn_dataset\runs\run_20260720_210122\images\frame_000314.png
315,frame_000315.png,20.16,0.025,0.04093,0.027286,1.24093,1.15907,1,10268.5,run_20260720_210122,D:\robotics_projects\vision_line_following\data\cnn_dataset\runs\run_20260720_210122\images\frame_000315.png
316,frame_000316.png,20.224,0.025,0.04271,0.028474,1.24271,1.15729,1,10279.0,run_20260720_210122,D:\robotics_projects\vision_line_following\data\cnn_dataset\runs\run_20260720_210122\images\frame_000316.png
317,frame_000317.png,20.288,0.025,0.043712,0.029141,1.243712,1.156288,1,10285.0,run_20260720_210122,D:\robotics_projects\vision_line_following\data\cnn_dataset\runs\run_20260720_210122\images\frame_000317.png
318,frame_000318.png,20.352,0.025,0.044276,0.029517,1.244276,1.155724,1,10285.0,run_20260720_210122,D:\robotics_projects\vision_line_following\data\cnn_dataset\runs\run_20260720_210122\images\frame_000318.png
319,frame_000319.png,20.416,0.025,0.044593,0.029728,1.244593,1.155407,1,10292.0,run_20260720_210122,D:\robotics_projects\vision_line_following\data\cnn_dataset\runs\run_20260720_210122\images\frame_000319.png
320,frame_000320.png,20.48,0.025,0.044771,0.029847,1.244771,1.155229,1,10287.0,run_20260720_210122,D:\robotics_projects\vision_line_following\data\cnn_dataset\runs\run_20260720_210122\images\frame_000320.png
321,frame_000321.png,20.544,0.025,0.044871,0.029914,1.244871,1.155129,1,10300.0,run_20260720_210122,D:\robotics_projects\vision_line_following\data\cnn_dataset\runs\run_20260720_210122\images\frame_000321.png
322,frame_000322.png,20.608,0.025,0.044927,0.029952,1.244927,1.155073,1,10307.5,run_20260720_210122,D:\robotics_projects\vision_line_following\data\cnn_dataset\runs\run_20260720_210122\images\frame_000322.png
323,frame_000323.png,20.672,0.025,0.044959,0.029973,1.244959,1.155041,1,10321.0,run_20260720_210122,D:\robotics_projects\vision_line_following\data\cnn_dataset\runs\run_20260720_210122\images\frame_000323.png
324,frame_000324.png,20.736,0.025,0.044977,0.029985,1.244977,1.155023,1,10339.5,run_20260720_210122,D:\robotics_projects\vision_line_following\data\cnn_dataset\runs\run_20260720_210122\images\frame_000324.png
325,frame_000325.png,20.8,0.025,0.044987,0.029991,1.244987,1.155013,1,10344.0,run_20260720_210122,D:\robotics_projects\vision_line_following\data\cnn_dataset\runs\run_20260720_210122\images\frame_000325.png
326,frame_000326.png,20.864,0.025,0.041941,0.027961,1.241941,1.158059,1,10352.5,run_20260720_210122,D:\robotics_projects\vision_line_following\data\cnn_dataset\runs\run_20260720_210122\images\frame_000326.png
327,frame_000327.png,20.928,0.025,0.043279,0.028853,1.243279,1.156721,1,10362.0,run_20260720_210122,D:\robotics_projects\vision_line_following\data\cnn_dataset\runs\run_20260720_210122\images\frame_000327.png
328,frame_000328.png,20.992,0.025,0.044032,0.029355,1.244032,1.155968,1,10368.5,run_20260720_210122,D:\robotics_projects\vision_line_following\data\cnn_dataset\runs\run_20260720_210122\images\frame_000328.png
329,frame_000329.png,21.056,0.025,0.041404,0.027603,1.241404,1.158596,1,10364.0,run_20260720_210122,D:\robotics_projects\vision_line_following\data\cnn_dataset\runs\run_20260720_210122\images\frame_000329.png
330,frame_000330.png,21.12,0.025,0.042977,0.028651,1.242977,1.157023,1,10379.5,run_20260720_210122,D:\robotics_projects\vision_line_following\data\cnn_dataset\runs\run_20260720_210122\images\frame_000330.png
331,frame_000331.png,21.184,0.025,0.04081,0.027207,1.24081,1.15919,1,10375.0,run_20260720_210122,D:\robotics_projects\vision_line_following\data\cnn_dataset\runs\run_20260720_210122\images\frame_000331.png
332,frame_000332.png,21.248,0.03125,0.0661,0.044067,1.2661,1.1339,1,10373.0,run_20260720_210122,D:\robotics_projects\vision_line_following\data\cnn_dataset\runs\run_20260720_210122\images\frame_000332.png
333,frame_000333.png,21.312,0.025,0.041386,0.02759,1.241386,1.158614,1,10375.0,run_20260720_210122,D:\robotics_projects\vision_line_following\data\cnn_dataset\runs\run_20260720_210122\images\frame_000333.png
334,frame_000334.png,21.376,0.025,0.039915,0.02661,1.239915,1.160085,1,10367.5,run_20260720_210122,D:\robotics_projects\vision_line_following\data\cnn_dataset\runs\run_20260720_210122\images\frame_000334.png
335,frame_000335.png,21.44,0.025,0.039088,0.026059,1.239088,1.160912,1,10368.0,run_20260720_210122,D:\robotics_projects\vision_line_following\data\cnn_dataset\runs\run_20260720_210122\images\frame_000335.png
336,frame_000336.png,21.504,0.025,0.038623,0.025748,1.238623,1.161377,1,10362.0,run_20260720_210122,D:\robotics_projects\vision_line_following\data\cnn_dataset\runs\run_20260720_210122\images\frame_000336.png
337,frame_000337.png,21.568,0.025,0.038361,0.025574,1.238361,1.161639,1,10369.0,run_20260720_210122,D:\robotics_projects\vision_line_following\data\cnn_dataset\runs\run_20260720_210122\images\frame_000337.png
338,frame_000338.png,21.632,0.025,0.038214,0.025476,1.238214,1.161786,1,10371.0,run_20260720_210122,D:\robotics_projects\vision_line_following\data\cnn_dataset\runs\run_20260720_210122\images\frame_000338.png
339,frame_000339.png,21.696,0.03125,0.061588,0.041059,1.261588,1.138412,1,10379.5,run_20260720_210122,D:\robotics_projects\vision_line_following\data\cnn_dataset\runs\run_20260720_210122\images\frame_000339.png
340,frame_000340.png,21.76,0.03125,0.062304,0.041536,1.262304,1.137696,1,10381.0,run_20260720_210122,D:\robotics_projects\vision_line_following\data\cnn_dataset\runs\run_20260720_210122\images\frame_000340.png
341,frame_000341.png,21.824,0.025,0.036199,0.024132,1.236199,1.163801,1,10383.5,run_20260720_210122,D:\robotics_projects\vision_line_following\data\cnn_dataset\runs\run_20260720_210122\images\frame_000341.png
342,frame_000342.png,21.888,0.03125,0.060454,0.040303,1.260454,1.139546,1,10386.0,run_20260720_210122,D:\robotics_projects\vision_line_following\data\cnn_dataset\runs\run_20260720_210122\images\frame_000342.png
343,frame_000343.png,21.952,0.03125,0.061667,0.041111,1.261667,1.138333,1,10380.0,run_20260720_210122,D:\robotics_projects\vision_line_following\data\cnn_dataset\runs\run_20260720_210122\images\frame_000343.png
344,frame_000344.png,22.016,0.03125,0.059297,0.039531,1.259297,1.140703,1,10380.5,run_20260720_210122,D:\robotics_projects\vision_line_following\data\cnn_dataset\runs\run_20260720_210122\images\frame_000344.png
345,frame_000345.png,22.08,0.025,0.034507,0.023005,1.234507,1.165493,1,10368.5,run_20260720_210122,D:\robotics_projects\vision_line_following\data\cnn_dataset\runs\run_20260720_210122\images\frame_000345.png
346,frame_000346.png,22.144,0.03125,0.059503,0.039669,1.259503,1.140497,1,10375.0,run_20260720_210122,D:\robotics_projects\vision_line_following\data\cnn_dataset\runs\run_20260720_210122\images\frame_000346.png
347,frame_000347.png,22.208,0.03125,0.05808,0.03872,1.25808,1.14192,1,10366.5,run_20260720_210122,D:\robotics_projects\vision_line_following\data\cnn_dataset\runs\run_20260720_210122\images\frame_000347.png
348,frame_000348.png,22.272,0.03125,0.060331,0.040221,1.260331,1.139669,1,10362.0,run_20260720_210122,D:\robotics_projects\vision_line_following\data\cnn_dataset\runs\run_20260720_210122\images\frame_000348.png
349,frame_000349.png,22.336,0.03125,0.058546,0.03903,1.258546,1.141454,1,10362.0,run_20260720_210122,D:\robotics_projects\vision_line_following\data\cnn_dataset\runs\run_20260720_210122\images\frame_000349.png
350,frame_000350.png,22.4,0.03125,0.057541,0.038361,1.257541,1.142459,1,10364.0,run_20260720_210122,D:\robotics_projects\vision_line_following\data\cnn_dataset\runs\run_20260720_210122\images\frame_000350.png
351,frame_000351.png,22.464,0.03125,0.056976,0.037984,1.256976,1.143024,1,10366.5,run_20260720_210122,D:\robotics_projects\vision_line_following\data\cnn_dataset\runs\run_20260720_210122\images\frame_000351.png
352,frame_000352.png,22.528,0.03125,0.056659,0.037772,1.256659,1.143341,1,10373.5,run_20260720_210122,D:\robotics_projects\vision_line_following\data\cnn_dataset\runs\run_20260720_210122\images\frame_000352.png
353,frame_000353.png,22.592,0.03125,0.05648,0.037653,1.25648,1.14352,1,10373.0,run_20260720_210122,D:\robotics_projects\vision_line_following\data\cnn_dataset\runs\run_20260720_210122\images\frame_000353.png
354,frame_000354.png,22.656,0.03125,0.056379,0.037586,1.256379,1.143621,1,10375.5,run_20260720_210122,D:\robotics_projects\vision_line_following\data\cnn_dataset\runs\run_20260720_210122\images\frame_000354.png
355,frame_000355.png,22.72,0.03125,0.056323,0.037548,1.256323,1.143677,1,10368.0,run_20260720_210122,D:\robotics_projects\vision_line_following\data\cnn_dataset\runs\run_20260720_210122\images\frame_000355.png
356,frame_000356.png,22.784,0.03125,0.056291,0.037527,1.256291,1.143709,1,10374.0,run_20260720_210122,D:\robotics_projects\vision_line_following\data\cnn_dataset\runs\run_20260720_210122\images\frame_000356.png
357,frame_000357.png,22.848,0.03125,0.056273,0.037515,1.256273,1.143727,1,10362.5,run_20260720_210122,D:\robotics_projects\vision_line_following\data\cnn_dataset\runs\run_20260720_210122\images\frame_000357.png
358,frame_000358.png,22.912,0.03125,0.056263,0.037509,1.256263,1.143737,1,10356.5,run_20260720_210122,D:\robotics_projects\vision_line_following\data\cnn_dataset\runs\run_20260720_210122\images\frame_000358.png
359,frame_000359.png,22.976,0.03125,0.056257,0.037505,1.256257,1.143743,1,10353.5,run_20260720_210122,D:\robotics_projects\vision_line_following\data\cnn_dataset\runs\run_20260720_210122\images\frame_000359.png
360,frame_000360.png,23.04,0.03125,0.056254,0.037503,1.256254,1.143746,1,10353.0,run_20260720_210122,D:\robotics_projects\vision_line_following\data\cnn_dataset\runs\run_20260720_210122\images\frame_000360.png
361,frame_000361.png,23.104,0.03125,0.056252,0.037502,1.256252,1.143748,1,10330.5,run_20260720_210122,D:\robotics_projects\vision_line_following\data\cnn_dataset\runs\run_20260720_210122\images\frame_000361.png
362,frame_000362.png,23.168,0.03125,0.056251,0.037501,1.256251,1.143749,1,10326.0,run_20260720_210122,D:\robotics_projects\vision_line_following\data\cnn_dataset\runs\run_20260720_210122\images\frame_000362.png
363,frame_000363.png,23.232,0.03125,0.056251,0.0375,1.256251,1.143749,1,10313.5,run_20260720_210122,D:\robotics_projects\vision_line_following\data\cnn_dataset\runs\run_20260720_210122\images\frame_000363.png
364,frame_000364.png,23.296,0.03125,0.05625,0.0375,1.25625,1.14375,1,10317.5,run_20260720_210122,D:\robotics_projects\vision_line_following\data\cnn_dataset\runs\run_20260720_210122\images\frame_000364.png
365,frame_000365.png,23.36,0.03125,0.05625,0.0375,1.25625,1.14375,1,10306.0,run_20260720_210122,D:\robotics_projects\vision_line_following\data\cnn_dataset\runs\run_20260720_210122\images\frame_000365.png
366,frame_000366.png,23.424,0.03125,0.05625,0.0375,1.25625,1.14375,1,10312.5,run_20260720_210122,D:\robotics_projects\vision_line_following\data\cnn_dataset\runs\run_20260720_210122\images\frame_000366.png
367,frame_000367.png,23.488,0.03125,0.05625,0.0375,1.25625,1.14375,1,10303.0,run_20260720_210122,D:\robotics_projects\vision_line_following\data\cnn_dataset\runs\run_20260720_210122\images\frame_000367.png
368,frame_000368.png,23.552,0.0375,0.079707,0.053138,1.279707,1.120293,1,10290.0,run_20260720_210122,D:\robotics_projects\vision_line_following\data\cnn_dataset\runs\run_20260720_210122\images\frame_000368.png
369,frame_000369.png,23.616,0.03125,0.053961,0.035974,1.253961,1.146039,1,10283.5,run_20260720_210122,D:\robotics_projects\vision_line_following\data\cnn_dataset\runs\run_20260720_210122\images\frame_000369.png
370,frame_000370.png,23.68,0.03125,0.051911,0.034607,1.251911,1.148089,1,10268.5,run_20260720_210122,D:\robotics_projects\vision_line_following\data\cnn_dataset\runs\run_20260720_210122\images\frame_000370.png
371,frame_000371.png,23.744,0.03125,0.050757,0.033838,1.250757,1.149243,1,10246.0,run_20260720_210122,D:\robotics_projects\vision_line_following\data\cnn_dataset\runs\run_20260720_210122\images\frame_000371.png
372,frame_000372.png,23.808,0.03125,0.050109,0.033406,1.250109,1.149891,1,10222.5,run_20260720_210122,D:\robotics_projects\vision_line_following\data\cnn_dataset\runs\run_20260720_210122\images\frame_000372.png
373,frame_000373.png,23.872,0.03125,0.052796,0.035197,1.252796,1.147204,1,10214.0,run_20260720_210122,D:\robotics_projects\vision_line_following\data\cnn_dataset\runs\run_20260720_210122\images\frame_000373.png
374,frame_000374.png,23.936,0.03125,0.051255,0.03417,1.251255,1.148745,1,10211.0,run_20260720_210122,D:\robotics_projects\vision_line_following\data\cnn_dataset\runs\run_20260720_210122\images\frame_000374.png
375,frame_000375.png,24.0,0.03125,0.05344,0.035627,1.25344,1.14656,1,10206.0,run_20260720_210122,D:\robotics_projects\vision_line_following\data\cnn_dataset\runs\run_20260720_210122\images\frame_000375.png
376,frame_000376.png,24.064,0.03125,0.05467,0.036446,1.25467,1.14533,1,10204.0,run_20260720_210122,D:\robotics_projects\vision_line_following\data\cnn_dataset\runs\run_20260720_210122\images\frame_000376.png
377,frame_000377.png,24.128,0.03125,0.055361,0.036907,1.255361,1.144639,1,10202.0,run_20260720_210122,D:\robotics_projects\vision_line_following\data\cnn_dataset\runs\run_20260720_210122\images\frame_000377.png
378,frame_000378.png,24.192,0.03125,0.05575,0.037167,1.25575,1.14425,1,10203.5,run_20260720_210122,D:\robotics_projects\vision_line_following\data\cnn_dataset\runs\run_20260720_210122\images\frame_000378.png
379,frame_000379.png,24.256,0.03125,0.055969,0.037312,1.255969,1.144031,1,10205.5,run_20260720_210122,D:\robotics_projects\vision_line_following\data\cnn_dataset\runs\run_20260720_210122\images\frame_000379.png
380,frame_000380.png,24.32,0.03125,0.056092,0.037395,1.256092,1.143908,1,10205.0,run_20260720_210122,D:\robotics_projects\vision_line_following\data\cnn_dataset\runs\run_20260720_210122\images\frame_000380.png
381,frame_000381.png,24.384,0.03125,0.056161,0.037441,1.256161,1.143839,1,10204.5,run_20260720_210122,D:\robotics_projects\vision_line_following\data\cnn_dataset\runs\run_20260720_210122\images\frame_000381.png
382,frame_000382.png,24.448,0.03125,0.0562,0.037467,1.2562,1.1438,1,10207.0,run_20260720_210122,D:\robotics_projects\vision_line_following\data\cnn_dataset\runs\run_20260720_210122\images\frame_000382.png
383,frame_000383.png,24.512,0.03125,0.056222,0.037481,1.256222,1.143778,1,10212.5,run_20260720_210122,D:\robotics_projects\vision_line_following\data\cnn_dataset\runs\run_20260720_210122\images\frame_000383.png
384,frame_000384.png,24.576,0.03125,0.056234,0.037489,1.256234,1.143766,1,10213.0,run_20260720_210122,D:\robotics_projects\vision_line_following\data\cnn_dataset\runs\run_20260720_210122\images\frame_000384.png
385,frame_000385.png,24.64,0.03125,0.056241,0.037494,1.256241,1.143759,1,10200.0,run_20260720_210122,D:\robotics_projects\vision_line_following\data\cnn_dataset\runs\run_20260720_210122\images\frame_000385.png
386,frame_000386.png,24.704,0.03125,0.056245,0.037497,1.256245,1.143755,1,10211.0,run_20260720_210122,D:\robotics_projects\vision_line_following\data\cnn_dataset\runs\run_20260720_210122\images\frame_000386.png
387,frame_000387.png,24.768,0.03125,0.056247,0.037498,1.256247,1.143753,1,10204.5,run_20260720_210122,D:\robotics_projects\vision_line_following\data\cnn_dataset\runs\run_20260720_210122\images\frame_000387.png
388,frame_000388.png,24.832,0.03125,0.056248,0.037499,1.256248,1.143752,1,10206.0,run_20260720_210122,D:\robotics_projects\vision_line_following\data\cnn_dataset\runs\run_20260720_210122\images\frame_000388.png
389,frame_000389.png,24.896,0.025,0.032792,0.021861,1.232792,1.167208,1,10209.0,run_20260720_210122,D:\robotics_projects\vision_line_following\data\cnn_dataset\runs\run_20260720_210122\images\frame_000389.png
390,frame_000390.png,24.96,0.025,0.035081,0.023388,1.235081,1.164919,1,10215.5,run_20260720_210122,D:\robotics_projects\vision_line_following\data\cnn_dataset\runs\run_20260720_210122\images\frame_000390.png
391,frame_000391.png,25.024,0.025,0.039421,0.02628,1.239421,1.160579,1,10219.5,run_20260720_210122,D:\robotics_projects\vision_line_following\data\cnn_dataset\runs\run_20260720_210122\images\frame_000391.png
392,frame_000392.png,25.088,0.025,0.041862,0.027908,1.241862,1.158138,1,10229.0,run_20260720_210122,D:\robotics_projects\vision_line_following\data\cnn_dataset\runs\run_20260720_210122\images\frame_000392.png
393,frame_000393.png,25.152,0.025,0.043235,0.028823,1.243235,1.156765,1,10242.5,run_20260720_210122,D:\robotics_projects\vision_line_following\data\cnn_dataset\runs\run_20260720_210122\images\frame_000393.png
394,frame_000394.png,25.216,0.025,0.044007,0.029338,1.244007,1.155993,1,10249.5,run_20260720_210122,D:\robotics_projects\vision_line_following\data\cnn_dataset\runs\run_20260720_210122\images\frame_000394.png
395,frame_000395.png,25.28,0.025,0.044441,0.029628,1.244441,1.155559,1,10246.0,run_20260720_210122,D:\robotics_projects\vision_line_following\data\cnn_dataset\runs\run_20260720_210122\images\frame_000395.png
396,frame_000396.png,25.344,0.025,0.044686,0.029791,1.244686,1.155314,1,10238.0,run_20260720_210122,D:\robotics_projects\vision_line_following\data\cnn_dataset\runs\run_20260720_210122\images\frame_000396.png
397,frame_000397.png,25.408,0.025,0.044823,0.029882,1.244823,1.155177,1,10235.5,run_20260720_210122,D:\robotics_projects\vision_line_following\data\cnn_dataset\runs\run_20260720_210122\images\frame_000397.png
398,frame_000398.png,25.472,0.025,0.044901,0.029934,1.244901,1.155099,1,10227.5,run_20260720_210122,D:\robotics_projects\vision_line_following\data\cnn_dataset\runs\run_20260720_210122\images\frame_000398.png
399,frame_000399.png,25.536,0.01875,0.021487,0.014325,1.221487,1.178513,1,10229.5,run_20260720_210122,D:\robotics_projects\vision_line_following\data\cnn_dataset\runs\run_20260720_210122\images\frame_000399.png
400,frame_000400.png,25.6,0.01875,0.026852,0.017901,1.226852,1.173148,1,10229.5,run_20260720_210122,D:\robotics_projects\vision_line_following\data\cnn_dataset\runs\run_20260720_210122\images\frame_000400.png
401,frame_000401.png,25.664,0.01875,0.02987,0.019913,1.22987,1.17013,1,10223.5,run_20260720_210122,D:\robotics_projects\vision_line_following\data\cnn_dataset\runs\run_20260720_210122\images\frame_000401.png
402,frame_000402.png,25.728,0.01875,0.031567,0.021045,1.231567,1.168433,1,10225.5,run_20260720_210122,D:\robotics_projects\vision_line_following\data\cnn_dataset\runs\run_20260720_210122\images\frame_000402.png
403,frame_000403.png,25.792,0.01875,0.032522,0.021682,1.232522,1.167478,1,10233.0,run_20260720_210122,D:\robotics_projects\vision_line_following\data\cnn_dataset\runs\run_20260720_210122\images\frame_000403.png
404,frame_000404.png,25.856,0.01875,0.033059,0.02204,1.233059,1.166941,1,10236.0,run_20260720_210122,D:\robotics_projects\vision_line_following\data\cnn_dataset\runs\run_20260720_210122\images\frame_000404.png
405,frame_000405.png,25.92,0.01875,0.033362,0.022241,1.233362,1.166638,1,10241.5,run_20260720_210122,D:\robotics_projects\vision_line_following\data\cnn_dataset\runs\run_20260720_210122\images\frame_000405.png
406,frame_000406.png,25.984,0.0125,0.010074,0.006716,1.210074,1.189926,1,10237.0,run_20260720_210122,D:\robotics_projects\vision_line_following\data\cnn_dataset\runs\run_20260720_210122\images\frame_000406.png
407,frame_000407.png,26.048,0.0125,0.015511,0.01034,1.215511,1.184489,1,10239.5,run_20260720_210122,D:\robotics_projects\vision_line_following\data\cnn_dataset\runs\run_20260720_210122\images\frame_000407.png
408,frame_000408.png,26.112,0.0125,0.018568,0.012379,1.218568,1.181432,1,10238.0,run_20260720_210122,D:\robotics_projects\vision_line_following\data\cnn_dataset\runs\run_20260720_210122\images\frame_000408.png
409,frame_000409.png,26.176,0.0125,0.020289,0.013526,1.220289,1.179711,1,10239.5,run_20260720_210122,D:\robotics_projects\vision_line_following\data\cnn_dataset\runs\run_20260720_210122\images\frame_000409.png
410,frame_000410.png,26.24,0.0125,0.021256,0.014171,1.221256,1.178744,1,10226.5,run_20260720_210122,D:\robotics_projects\vision_line_following\data\cnn_dataset\runs\run_20260720_210122\images\frame_000410.png
411,frame_000411.png,26.304,0.0125,0.0218,0.014534,1.2218,1.1782,1,10227.5,run_20260720_210122,D:\robotics_projects\vision_line_following\data\cnn_dataset\runs\run_20260720_210122\images\frame_000411.png
412,frame_000412.png,26.368,0.0125,0.022106,0.014738,1.222106,1.177894,1,10230.5,run_20260720_210122,D:\robotics_projects\vision_line_following\data\cnn_dataset\runs\run_20260720_210122\images\frame_000412.png
413,frame_000413.png,26.432,0.00625,-0.001178,-0.000786,1.198822,1.201178,1,10229.0,run_20260720_210122,D:\robotics_projects\vision_line_following\data\cnn_dataset\runs\run_20260720_210122\images\frame_000413.png
414,frame_000414.png,26.496,0.00625,0.004259,0.002839,1.204259,1.195741,1,10225.5,run_20260720_210122,D:\robotics_projects\vision_line_following\data\cnn_dataset\runs\run_20260720_210122\images\frame_000414.png
415,frame_000415.png,26.56,0.00625,0.007318,0.004878,1.207318,1.192682,1,10235.5,run_20260720_210122,D:\robotics_projects\vision_line_following\data\cnn_dataset\runs\run_20260720_210122\images\frame_000415.png
416,frame_000416.png,26.624,0.00625,0.009038,0.006025,1.209038,1.190962,1,10234.5,run_20260720_210122,D:\robotics_projects\vision_line_following\data\cnn_dataset\runs\run_20260720_210122\images\frame_000416.png
417,frame_000417.png,26.688,0.00625,0.010006,0.006671,1.210006,1.189994,1,10246.5,run_20260720_210122,D:\robotics_projects\vision_line_following\data\cnn_dataset\runs\run_20260720_210122\images\frame_000417.png
418,frame_000418.png,26.752,0.00625,0.01055,0.007033,1.21055,1.18945,1,10239.5,run_20260720_210122,D:\robotics_projects\vision_line_following\data\cnn_dataset\runs\run_20260720_210122\images\frame_000418.png
419,frame_000419.png,26.816,0.00625,0.010856,0.007238,1.210856,1.189144,1,10247.0,run_20260720_210122,D:\robotics_projects\vision_line_following\data\cnn_dataset\runs\run_20260720_210122\images\frame_000419.png
420,frame_000420.png,26.88,0.00625,0.011029,0.007352,1.211029,1.188971,1,10247.5,run_20260720_210122,D:\robotics_projects\vision_line_following\data\cnn_dataset\runs\run_20260720_210122\images\frame_000420.png
421,frame_000421.png,26.944,0.00625,0.014177,0.009451,1.214177,1.185823,1,10247.0,run_20260720_210122,D:\robotics_projects\vision_line_following\data\cnn_dataset\runs\run_20260720_210122\images\frame_000421.png
422,frame_000422.png,27.008,0.0,-0.007509,-0.005006,1.192491,1.207509,1,10245.0,run_20260720_210122,D:\robotics_projects\vision_line_following\data\cnn_dataset\runs\run_20260720_210122\images\frame_000422.png
423,frame_000423.png,27.072,0.0,-0.004224,-0.002816,1.195776,1.204224,1,10242.0,run_20260720_210122,D:\robotics_projects\vision_line_following\data\cnn_dataset\runs\run_20260720_210122\images\frame_000423.png
424,frame_000424.png,27.136,0.0,-0.002376,-0.001584,1.197624,1.202376,1,10240.0,run_20260720_210122,D:\robotics_projects\vision_line_following\data\cnn_dataset\runs\run_20260720_210122\images\frame_000424.png
425,frame_000425.png,27.2,0.0,-0.001336,-0.000891,1.198664,1.201336,1,10235.5,run_20260720_210122,D:\robotics_projects\vision_line_following\data\cnn_dataset\runs\run_20260720_210122\images\frame_000425.png
426,frame_000426.png,27.264,0.0,-0.000752,-0.000501,1.199248,1.200752,1,10238.0,run_20260720_210122,D:\robotics_projects\vision_line_following\data\cnn_dataset\runs\run_20260720_210122\images\frame_000426.png
427,frame_000427.png,27.328,0.0,-0.000423,-0.000282,1.199577,1.200423,1,10244.0,run_20260720_210122,D:\robotics_projects\vision_line_following\data\cnn_dataset\runs\run_20260720_210122\images\frame_000427.png
428,frame_000428.png,27.392,0.0,-0.000238,-0.000159,1.199762,1.200238,1,10243.5,run_20260720_210122,D:\robotics_projects\vision_line_following\data\cnn_dataset\runs\run_20260720_210122\images\frame_000428.png
429,frame_000429.png,27.456,-0.00625,-0.023591,-0.015727,1.176409,1.223591,1,10250.0,run_20260720_210122,D:\robotics_projects\vision_line_following\data\cnn_dataset\runs\run_20260720_210122\images\frame_000429.png
430,frame_000430.png,27.52,-0.00625,-0.018192,-0.012128,1.181808,1.218192,1,10248.5,run_20260720_210122,D:\robotics_projects\vision_line_following\data\cnn_dataset\runs\run_20260720_210122\images\frame_000430.png
431,frame_000431.png,27.584,-0.00625,-0.015155,-0.010103,1.184845,1.215155,1,10252.0,run_20260720_210122,D:\robotics_projects\vision_line_following\data\cnn_dataset\runs\run_20260720_210122\images\frame_000431.png
432,frame_000432.png,27.648,-0.00625,-0.013446,-0.008964,1.186554,1.213446,1,10246.5,run_20260720_210122,D:\robotics_projects\vision_line_following\data\cnn_dataset\runs\run_20260720_210122\images\frame_000432.png
433,frame_000433.png,27.712,-0.00625,-0.012485,-0.008324,1.187515,1.212485,1,10241.5,run_20260720_210122,D:\robotics_projects\vision_line_following\data\cnn_dataset\runs\run_20260720_210122\images\frame_000433.png
434,frame_000434.png,27.776,-0.00625,-0.011945,-0.007963,1.188055,1.211945,1,10235.0,run_20260720_210122,D:\robotics_projects\vision_line_following\data\cnn_dataset\runs\run_20260720_210122\images\frame_000434.png
435,frame_000435.png,27.84,-0.00625,-0.011641,-0.007761,1.188359,1.211641,1,10227.5,run_20260720_210122,D:\robotics_projects\vision_line_following\data\cnn_dataset\runs\run_20260720_210122\images\frame_000435.png
436,frame_000436.png,27.904,-0.00625,-0.01147,-0.007647,1.18853,1.21147,1,10221.5,run_20260720_210122,D:\robotics_projects\vision_line_following\data\cnn_dataset\runs\run_20260720_210122\images\frame_000436.png
437,frame_000437.png,27.968,-0.00625,-0.011374,-0.007582,1.188626,1.211374,1,10213.0,run_20260720_210122,D:\robotics_projects\vision_line_following\data\cnn_dataset\runs\run_20260720_210122\images\frame_000437.png
438,frame_000438.png,28.032,-0.00625,-0.01132,-0.007546,1.18868,1.21132,1,10206.5,run_20260720_210122,D:\robotics_projects\vision_line_following\data\cnn_dataset\runs\run_20260720_210122\images\frame_000438.png
439,frame_000439.png,28.096,-0.00625,-0.008237,-0.005492,1.191763,1.208237,1,10199.0,run_20260720_210122,D:\robotics_projects\vision_line_following\data\cnn_dataset\runs\run_20260720_210122\images\frame_000439.png
440,frame_000440.png,28.16,-0.0125,-0.029961,-0.019974,1.170039,1.229961,1,10193.5,run_20260720_210122,D:\robotics_projects\vision_line_following\data\cnn_dataset\runs\run_20260720_210122\images\frame_000440.png
441,frame_000441.png,28.224,-0.0125,-0.029748,-0.019832,1.170252,1.229748,1,10188.0,run_20260720_210122,D:\robotics_projects\vision_line_following\data\cnn_dataset\runs\run_20260720_210122\images\frame_000441.png
442,frame_000442.png,28.288,-0.0125,-0.026577,-0.017718,1.173423,1.226577,1,10183.0,run_20260720_210122,D:\robotics_projects\vision_line_following\data\cnn_dataset\runs\run_20260720_210122\images\frame_000442.png
443,frame_000443.png,28.352,-0.0125,-0.024793,-0.016529,1.175207,1.224793,1,10171.5,run_20260720_210122,D:\robotics_projects\vision_line_following\data\cnn_dataset\runs\run_20260720_210122\images\frame_000443.png
444,frame_000444.png,28.416,-0.0125,-0.02379,-0.01586,1.17621,1.22379,1,10172.5,run_20260720_210122,D:\robotics_projects\vision_line_following\data\cnn_dataset\runs\run_20260720_210122\images\frame_000444.png
445,frame_000445.png,28.48,-0.0125,-0.023226,-0.015484,1.176774,1.223226,1,10171.0,run_20260720_210122,D:\robotics_projects\vision_line_following\data\cnn_dataset\runs\run_20260720_210122\images\frame_000445.png
446,frame_000446.png,28.544,-0.0125,-0.022908,-0.015272,1.177092,1.222908,1,10171.0,run_20260720_210122,D:\robotics_projects\vision_line_following\data\cnn_dataset\runs\run_20260720_210122\images\frame_000446.png
447,frame_000447.png,28.608,-0.0125,-0.02273,-0.015153,1.17727,1.22273,1,10169.0,run_20260720_210122,D:\robotics_projects\vision_line_following\data\cnn_dataset\runs\run_20260720_210122\images\frame_000447.png
448,frame_000448.png,28.672,-0.0125,-0.025681,-0.017121,1.174319,1.225681,1,10166.0,run_20260720_210122,D:\robotics_projects\vision_line_following\data\cnn_dataset\runs\run_20260720_210122\images\frame_000448.png
449,frame_000449.png,28.736,-0.0125,-0.024289,-0.016193,1.175711,1.224289,1,10161.0,run_20260720_210122,D:\robotics_projects\vision_line_following\data\cnn_dataset\runs\run_20260720_210122\images\frame_000449.png
450,frame_000450.png,28.8,-0.0125,-0.023506,-0.015671,1.176494,1.223506,1,10160.0,run_20260720_210122,D:\robotics_projects\vision_line_following\data\cnn_dataset\runs\run_20260720_210122\images\frame_000450.png
451,frame_000451.png,28.864,-0.00625,0.000391,0.000261,1.200391,1.199609,1,10160.0,run_20260720_210122,D:\robotics_projects\vision_line_following\data\cnn_dataset\runs\run_20260720_210122\images\frame_000451.png
452,frame_000452.png,28.928,-0.0125,-0.025107,-0.016738,1.174893,1.225107,1,10160.0,run_20260720_210122,D:\robotics_projects\vision_line_following\data\cnn_dataset\runs\run_20260720_210122\images\frame_000452.png
453,frame_000453.png,28.992,-0.0125,-0.023967,-0.015978,1.176033,1.223967,1,10159.0,run_20260720_210122,D:\robotics_projects\vision_line_following\data\cnn_dataset\runs\run_20260720_210122\images\frame_000453.png
454,frame_000454.png,29.056,-0.0125,-0.026377,-0.017584,1.173623,1.226377,1,10160.0,run_20260720_210122,D:\robotics_projects\vision_line_following\data\cnn_dataset\runs\run_20260720_210122\images\frame_000454.png
455,frame_000455.png,29.12,-0.00625,-0.001224,-0.000816,1.198776,1.201224,1,10160.0,run_20260720_210122,D:\robotics_projects\vision_line_following\data\cnn_dataset\runs\run_20260720_210122\images\frame_000455.png
456,frame_000456.png,29.184,-0.0125,-0.026015,-0.017344,1.173985,1.226015,1,10162.5,run_20260720_210122,D:\robotics_projects\vision_line_following\data\cnn_dataset\runs\run_20260720_210122\images\frame_000456.png
457,frame_000457.png,29.248,-0.00625,-0.00102,-0.00068,1.19898,1.20102,1,10165.0,run_20260720_210122,D:\robotics_projects\vision_line_following\data\cnn_dataset\runs\run_20260720_210122\images\frame_000457.png
458,frame_000458.png,29.312,-0.0125,-0.025901,-0.017267,1.174099,1.225901,1,10163.0,run_20260720_210122,D:\robotics_projects\vision_line_following\data\cnn_dataset\runs\run_20260720_210122\images\frame_000458.png
459,frame_000459.png,29.376,-0.0125,-0.027465,-0.01831,1.172535,1.227465,1,10162.0,run_20260720_210122,D:\robotics_projects\vision_line_following\data\cnn_dataset\runs\run_20260720_210122\images\frame_000459.png
460,frame_000460.png,29.44,-0.00625,-0.001836,-0.001224,1.198164,1.201836,1,10161.0,run_20260720_210122,D:\robotics_projects\vision_line_following\data\cnn_dataset\runs\run_20260720_210122\images\frame_000460.png
461,frame_000461.png,29.504,-0.00625,-0.002903,-0.001935,1.197097,1.202903,1,10153.0,run_20260720_210122,D:\robotics_projects\vision_line_following\data\cnn_dataset\runs\run_20260720_210122\images\frame_000461.png
462,frame_000462.png,29.568,-0.00625,-0.003503,-0.002335,1.196497,1.203503,1,10153.0,run_20260720_210122,D:\robotics_projects\vision_line_following\data\cnn_dataset\runs\run_20260720_210122\images\frame_000462.png
463,frame_000463.png,29.632,-0.00625,-0.00384,-0.00256,1.19616,1.20384,1,10154.0,run_20260720_210122,D:\robotics_projects\vision_line_following\data\cnn_dataset\runs\run_20260720_210122\images\frame_000463.png
464,frame_000464.png,29.696,-0.00625,-0.00403,-0.002687,1.19597,1.20403,1,10153.0,run_20260720_210122,D:\robotics_projects\vision_line_following\data\cnn_dataset\runs\run_20260720_210122\images\frame_000464.png
465,frame_000465.png,29.76,-0.00625,-0.004137,-0.002758,1.195863,1.204137,1,10155.0,run_20260720_210122,D:\robotics_projects\vision_line_following\data\cnn_dataset\runs\run_20260720_210122\images\frame_000465.png
466,frame_000466.png,29.824,-0.00625,-0.004197,-0.002798,1.195803,1.204197,1,10149.0,run_20260720_210122,D:\robotics_projects\vision_line_following\data\cnn_dataset\runs\run_20260720_210122\images\frame_000466.png
467,frame_000467.png,29.888,-0.00625,-0.007283,-0.004855,1.192717,1.207283,1,9973.0,run_20260720_210122,D:\robotics_projects\vision_line_following\data\cnn_dataset\runs\run_20260720_210122\images\frame_000467.png
468,frame_000468.png,29.952,-0.00625,-0.009018,-0.006012,1.190982,1.209018,1,9774.5,run_20260720_210122,D:\robotics_projects\vision_line_following\data\cnn_dataset\runs\run_20260720_210122\images\frame_000468.png
1,frame_000001.png,0.032,0.5125,1.5,1.0,2.7,-0.3,1,9032.0,recovery_y_positive_005,D:\robotics_projects\vision_line_following\data\cnn_dataset\runs\recovery_y_positive_005\images\frame_000001.png
2,frame_000002.png,0.064,0.60625,1.5,1.0,2.7,-0.3,1,9760.0,recovery_y_positive_005,D:\robotics_projects\vision_line_following\data\cnn_dataset\runs\recovery_y_positive_005\images\frame_000002.png
3,frame_000003.png,0.096,0.7625,1.5,1.0,2.7,-0.3,1,11537.0,recovery_y_positive_005,D:\robotics_projects\vision_line_following\data\cnn_dataset\runs\recovery_y_positive_005\images\frame_000003.png
4,frame_000004.png,0.128,0.71875,1.5,1.0,2.7,-0.3,1,11495.5,recovery_y_positive_005,D:\robotics_projects\vision_line_following\data\cnn_dataset\runs\recovery_y_positive_005\images\frame_000004.png
5,frame_000005.png,0.16,0.65,1.5,1.0,2.7,-0.3,1,11356.5,recovery_y_positive_005,D:\robotics_projects\vision_line_following\data\cnn_dataset\runs\recovery_y_positive_005\images\frame_000005.png
6,frame_000006.png,0.192,0.59375,1.234332,0.822888,2.434332,-0.034332,1,11259.5,recovery_y_positive_005,D:\robotics_projects\vision_line_following\data\cnn_dataset\runs\recovery_y_positive_005\images\frame_000006.png
7,frame_000007.png,0.224,0.54375,1.00528,0.670187,2.20528,0.19472,1,11177.5,recovery_y_positive_005,D:\robotics_projects\vision_line_following\data\cnn_dataset\runs\recovery_y_positive_005\images\frame_000007.png
8,frame_000008.png,0.256,0.5,0.834448,0.556299,2.034448,0.365552,1,11150.0,recovery_y_positive_005,D:\robotics_projects\vision_line_following\data\cnn_dataset\runs\recovery_y_positive_005\images\frame_000008.png
9,frame_000009.png,0.288,0.46875,0.733551,0.489034,1.933551,0.466449,1,11128.5,recovery_y_positive_005,D:\robotics_projects\vision_line_following\data\cnn_dataset\runs\recovery_y_positive_005\images\frame_000009.png
10,frame_000010.png,0.32,0.4375,0.643816,0.42921,1.843816,0.556184,1,11131.0,recovery_y_positive_005,D:\robotics_projects\vision_line_following\data\cnn_dataset\runs\recovery_y_positive_005\images\frame_000010.png
11,frame_000011.png,0.352,0.4125,0.585909,0.390606,1.785909,0.614091,1,11091.5,recovery_y_positive_005,D:\robotics_projects\vision_line_following\data\cnn_dataset\runs\recovery_y_positive_005\images\frame_000011.png
12,frame_000012.png,0.384,0.3875,0.531228,0.354152,1.731228,0.668772,1,11104.0,recovery_y_positive_005,D:\robotics_projects\vision_line_following\data\cnn_dataset\runs\recovery_y_positive_005\images\frame_000012.png
13,frame_000013.png,0.416,0.3625,0.478968,0.319312,1.678968,0.721032,1,11127.5,recovery_y_positive_005,D:\robotics_projects\vision_line_following\data\cnn_dataset\runs\recovery_y_positive_005\images\frame_000013.png
14,frame_000014.png,0.448,0.34375,0.45198,0.30132,1.65198,0.74802,1,11146.0,recovery_y_positive_005,D:\robotics_projects\vision_line_following\data\cnn_dataset\runs\recovery_y_positive_005\images\frame_000014.png
15,frame_000015.png,0.48,0.325,0.423301,0.282201,1.623301,0.776699,1,11176.0,recovery_y_positive_005,D:\robotics_projects\vision_line_following\data\cnn_dataset\runs\recovery_y_positive_005\images\frame_000015.png
16,frame_000016.png,0.512,0.30625,0.393355,0.262237,1.593355,0.806645,1,11206.5,recovery_y_positive_005,D:\robotics_projects\vision_line_following\data\cnn_dataset\runs\recovery_y_positive_005\images\frame_000016.png
17,frame_000017.png,0.544,0.2875,0.362458,0.241638,1.562458,0.837542,1,11234.0,recovery_y_positive_005,D:\robotics_projects\vision_line_following\data\cnn_dataset\runs\recovery_y_positive_005\images\frame_000017.png
18,frame_000018.png,0.576,0.275,0.354304,0.236203,1.554304,0.845696,1,11269.0,recovery_y_positive_005,D:\robotics_projects\vision_line_following\data\cnn_dataset\runs\recovery_y_positive_005\images\frame_000018.png
19,frame_000019.png,0.608,0.25625,0.319107,0.212738,1.519107,0.880893,1,11305.5,recovery_y_positive_005,D:\robotics_projects\vision_line_following\data\cnn_dataset\runs\recovery_y_positive_005\images\frame_000019.png
20,frame_000020.png,0.64,0.24375,0.307729,0.205152,1.507729,0.892271,1,11347.0,recovery_y_positive_005,D:\robotics_projects\vision_line_following\data\cnn_dataset\runs\recovery_y_positive_005\images\frame_000020.png
21,frame_000021.png,0.672,0.225,0.270113,0.180075,1.470113,0.929887,1,11379.0,recovery_y_positive_005,D:\robotics_projects\vision_line_following\data\cnn_dataset\runs\recovery_y_positive_005\images\frame_000021.png
22,frame_000022.png,0.704,0.2125,0.256921,0.17128,1.456921,0.943079,1,11414.5,recovery_y_positive_005,D:\robotics_projects\vision_line_following\data\cnn_dataset\runs\recovery_y_positive_005\images\frame_000022.png
23,frame_000023.png,0.736,0.2,0.241401,0.160934,1.441401,0.958599,1,11453.0,recovery_y_positive_005,D:\robotics_projects\vision_line_following\data\cnn_dataset\runs\recovery_y_positive_005\images\frame_000023.png
24,frame_000024.png,0.768,0.1875,0.224137,0.149425,1.424137,0.975863,1,11487.5,recovery_y_positive_005,D:\robotics_projects\vision_line_following\data\cnn_dataset\runs\recovery_y_positive_005\images\frame_000024.png
25,frame_000025.png,0.8,0.175,0.205564,0.137042,1.405564,0.994436,1,11516.5,recovery_y_positive_005,D:\robotics_projects\vision_line_following\data\cnn_dataset\runs\recovery_y_positive_005\images\frame_000025.png
26,frame_000026.png,0.832,0.1625,0.186009,0.124006,1.386009,1.013991,1,11558.0,recovery_y_positive_005,D:\robotics_projects\vision_line_following\data\cnn_dataset\runs\recovery_y_positive_005\images\frame_000026.png
27,frame_000027.png,0.864,0.15625,0.189174,0.126116,1.389174,1.010826,1,11570.0,recovery_y_positive_005,D:\robotics_projects\vision_line_following\data\cnn_dataset\runs\recovery_y_positive_005\images\frame_000027.png
28,frame_000028.png,0.896,0.14375,0.165279,0.110186,1.365279,1.034721,1,11604.5,recovery_y_positive_005,D:\robotics_projects\vision_line_following\data\cnn_dataset\runs\recovery_y_positive_005\images\frame_000028.png
29,frame_000029.png,0.928,0.13125,0.141733,0.094489,1.341733,1.058267,1,11628.5,recovery_y_positive_005,D:\robotics_projects\vision_line_following\data\cnn_dataset\runs\recovery_y_positive_005\images\frame_000029.png
30,frame_000030.png,0.96,0.11875,0.118448,0.078965,1.318448,1.081552,1,11655.0,recovery_y_positive_005,D:\robotics_projects\vision_line_following\data\cnn_dataset\runs\recovery_y_positive_005\images\frame_000030.png
31,frame_000031.png,0.992,0.1125,0.118817,0.079211,1.318817,1.081183,1,11668.0,recovery_y_positive_005,D:\robotics_projects\vision_line_following\data\cnn_dataset\runs\recovery_y_positive_005\images\frame_000031.png
32,frame_000032.png,1.024,0.1,0.092823,0.061882,1.292823,1.107177,1,11689.0,recovery_y_positive_005,D:\robotics_projects\vision_line_following\data\cnn_dataset\runs\recovery_y_positive_005\images\frame_000032.png
33,frame_000033.png,1.056,0.09375,0.09116,0.060774,1.29116,1.10884,1,11706.5,recovery_y_positive_005,D:\robotics_projects\vision_line_following\data\cnn_dataset\runs\recovery_y_positive_005\images\frame_000033.png
34,frame_000034.png,1.088,0.0875,0.087101,0.058067,1.287101,1.112899,1,11719.5,recovery_y_positive_005,D:\robotics_projects\vision_line_following\data\cnn_dataset\runs\recovery_y_positive_005\images\frame_000034.png
35,frame_000035.png,1.12,0.075,0.057787,0.038524,1.257787,1.142213,1,11739.5,recovery_y_positive_005,D:\robotics_projects\vision_line_following\data\cnn_dataset\runs\recovery_y_positive_005\images\frame_000035.png
36,frame_000036.png,1.152,0.06875,0.053633,0.035755,1.253633,1.146367,1,11745.0,recovery_y_positive_005,D:\robotics_projects\vision_line_following\data\cnn_dataset\runs\recovery_y_positive_005\images\frame_000036.png
37,frame_000037.png,1.184,0.0625,0.047705,0.031803,1.247705,1.152295,1,11760.5,recovery_y_positive_005,D:\robotics_projects\vision_line_following\data\cnn_dataset\runs\recovery_y_positive_005\images\frame_000037.png
38,frame_000038.png,1.216,0.05625,0.040447,0.026965,1.240447,1.159553,1,11774.5,recovery_y_positive_005,D:\robotics_projects\vision_line_following\data\cnn_dataset\runs\recovery_y_positive_005\images\frame_000038.png
39,frame_000039.png,1.248,0.04375,0.008734,0.005822,1.208734,1.191266,1,11780.0,recovery_y_positive_005,D:\robotics_projects\vision_line_following\data\cnn_dataset\runs\recovery_y_positive_005\images\frame_000039.png
40,frame_000040.png,1.28,0.0375,0.002781,0.001854,1.202781,1.197219,1,11787.5,recovery_y_positive_005,D:\robotics_projects\vision_line_following\data\cnn_dataset\runs\recovery_y_positive_005\images\frame_000040.png
41,frame_000041.png,1.312,0.03125,-0.004497,-0.002998,1.195503,1.204497,1,11793.0,recovery_y_positive_005,D:\robotics_projects\vision_line_following\data\cnn_dataset\runs\recovery_y_positive_005\images\frame_000041.png
42,frame_000042.png,1.344,0.025,-0.012767,-0.008511,1.187233,1.212767,1,11793.0,recovery_y_positive_005,D:\robotics_projects\vision_line_following\data\cnn_dataset\runs\recovery_y_positive_005\images\frame_000042.png
43,frame_000043.png,1.376,0.025,0.001675,0.001117,1.201675,1.198325,1,11800.5,recovery_y_positive_005,D:\robotics_projects\vision_line_following\data\cnn_dataset\runs\recovery_y_positive_005\images\frame_000043.png
44,frame_000044.png,1.408,0.01875,-0.010951,-0.007301,1.189049,1.210951,1,11806.0,recovery_y_positive_005,D:\robotics_projects\vision_line_following\data\cnn_dataset\runs\recovery_y_positive_005\images\frame_000044.png
45,frame_000045.png,1.44,0.0125,-0.023233,-0.015488,1.176767,1.223233,1,11807.5,recovery_y_positive_005,D:\robotics_projects\vision_line_following\data\cnn_dataset\runs\recovery_y_positive_005\images\frame_000045.png
46,frame_000046.png,1.472,0.00625,-0.035257,-0.023504,1.164743,1.235257,1,11812.0,recovery_y_positive_005,D:\robotics_projects\vision_line_following\data\cnn_dataset\runs\recovery_y_positive_005\images\frame_000046.png
47,frame_000047.png,1.504,0.0,-0.047087,-0.031391,1.152913,1.247087,1,11806.0,recovery_y_positive_005,D:\robotics_projects\vision_line_following\data\cnn_dataset\runs\recovery_y_positive_005\images\frame_000047.png
48,frame_000048.png,1.536,-0.00625,-0.058772,-0.039182,1.141228,1.258772,1,11801.0,recovery_y_positive_005,D:\robotics_projects\vision_line_following\data\cnn_dataset\runs\recovery_y_positive_005\images\frame_000048.png
49,frame_000049.png,1.568,-0.00625,-0.046892,-0.031261,1.153108,1.246892,1,11794.5,recovery_y_positive_005,D:\robotics_projects\vision_line_following\data\cnn_dataset\runs\recovery_y_positive_005\images\frame_000049.png
50,frame_000050.png,1.6,-0.0125,-0.061438,-0.040959,1.138562,1.261438,1,11790.0,recovery_y_positive_005,D:\robotics_projects\vision_line_following\data\cnn_dataset\runs\recovery_y_positive_005\images\frame_000050.png
51,frame_000051.png,1.632,-0.01875,-0.075161,-0.050107,1.124839,1.275161,1,11777.5,recovery_y_positive_005,D:\robotics_projects\vision_line_following\data\cnn_dataset\runs\recovery_y_positive_005\images\frame_000051.png
52,frame_000052.png,1.664,-0.01875,-0.064808,-0.043205,1.135192,1.264808,1,11764.5,recovery_y_positive_005,D:\robotics_projects\vision_line_following\data\cnn_dataset\runs\recovery_y_positive_005\images\frame_000052.png
53,frame_000053.png,1.696,-0.025,-0.080501,-0.053667,1.119499,1.280501,1,11754.5,recovery_y_positive_005,D:\robotics_projects\vision_line_following\data\cnn_dataset\runs\recovery_y_positive_005\images\frame_000053.png
54,frame_000054.png,1.728,-0.025,-0.071625,-0.04775,1.128375,1.271625,1,11734.0,recovery_y_positive_005,D:\robotics_projects\vision_line_following\data\cnn_dataset\runs\recovery_y_positive_005\images\frame_000054.png
55,frame_000055.png,1.76,-0.03125,-0.088426,-0.058951,1.111574,1.288426,1,11727.5,recovery_y_positive_005,D:\robotics_projects\vision_line_following\data\cnn_dataset\runs\recovery_y_positive_005\images\frame_000055.png
56,frame_000056.png,1.792,-0.03125,-0.080382,-0.053588,1.119618,1.280382,1,11714.0,recovery_y_positive_005,D:\robotics_projects\vision_line_following\data\cnn_dataset\runs\recovery_y_positive_005\images\frame_000056.png
57,frame_000057.png,1.824,-0.0375,-0.097806,-0.065204,1.102194,1.297806,1,11704.5,recovery_y_positive_005,D:\robotics_projects\vision_line_following\data\cnn_dataset\runs\recovery_y_positive_005\images\frame_000057.png
58,frame_000058.png,1.856,-0.0375,-0.09023,-0.060153,1.10977,1.29023,1,11692.5,recovery_y_positive_005,D:\robotics_projects\vision_line_following\data\cnn_dataset\runs\recovery_y_positive_005\images\frame_000058.png
59,frame_000059.png,1.888,-0.04375,-0.108004,-0.072003,1.091996,1.308004,1,11677.5,recovery_y_positive_005,D:\robotics_projects\vision_line_following\data\cnn_dataset\runs\recovery_y_positive_005\images\frame_000059.png
60,frame_000060.png,1.92,-0.04375,-0.100691,-0.067127,1.099309,1.300691,1,11668.0,recovery_y_positive_005,D:\robotics_projects\vision_line_following\data\cnn_dataset\runs\recovery_y_positive_005\images\frame_000060.png
61,frame_000061.png,1.952,-0.04375,-0.095205,-0.06347,1.104795,1.295205,1,11661.5,recovery_y_positive_005,D:\robotics_projects\vision_line_following\data\cnn_dataset\runs\recovery_y_positive_005\images\frame_000061.png
62,frame_000062.png,1.984,-0.05,-0.114549,-0.076366,1.085451,1.314549,1,11652.5,recovery_y_positive_005,D:\robotics_projects\vision_line_following\data\cnn_dataset\runs\recovery_y_positive_005\images\frame_000062.png
63,frame_000063.png,2.016,-0.05,-0.108411,-0.072274,1.091589,1.308411,1,11642.0,recovery_y_positive_005,D:\robotics_projects\vision_line_following\data\cnn_dataset\runs\recovery_y_positive_005\images\frame_000063.png
64,frame_000064.png,2.048,-0.05,-0.103809,-0.069206,1.096191,1.303809,1,11630.5,recovery_y_positive_005,D:\robotics_projects\vision_line_following\data\cnn_dataset\runs\recovery_y_positive_005\images\frame_000064.png
65,frame_000065.png,2.08,-0.05625,-0.123813,-0.082542,1.076187,1.323813,1,11617.5,recovery_y_positive_005,D:\robotics_projects\vision_line_following\data\cnn_dataset\runs\recovery_y_positive_005\images\frame_000065.png
66,frame_000066.png,2.112,-0.05625,-0.118173,-0.078782,1.081827,1.318173,1,11615.0,recovery_y_positive_005,D:\robotics_projects\vision_line_following\data\cnn_dataset\runs\recovery_y_positive_005\images\frame_000066.png
67,frame_000067.png,2.144,-0.05625,-0.113942,-0.075961,1.086058,1.313942,1,11616.5,recovery_y_positive_005,D:\robotics_projects\vision_line_following\data\cnn_dataset\runs\recovery_y_positive_005\images\frame_000067.png
68,frame_000068.png,2.176,-0.05625,-0.110769,-0.073846,1.089231,1.310769,1,11615.0,recovery_y_positive_005,D:\robotics_projects\vision_line_following\data\cnn_dataset\runs\recovery_y_positive_005\images\frame_000068.png
69,frame_000069.png,2.208,-0.0625,-0.131846,-0.087898,1.068154,1.331846,1,11613.5,recovery_y_positive_005,D:\robotics_projects\vision_line_following\data\cnn_dataset\runs\recovery_y_positive_005\images\frame_000069.png
70,frame_000070.png,2.24,-0.0625,-0.12701,-0.084673,1.07299,1.32701,1,11611.0,recovery_y_positive_005,D:\robotics_projects\vision_line_following\data\cnn_dataset\runs\recovery_y_positive_005\images\frame_000070.png
71,frame_000071.png,2.272,-0.0625,-0.123382,-0.082255,1.076618,1.323382,1,11607.5,recovery_y_positive_005,D:\robotics_projects\vision_line_following\data\cnn_dataset\runs\recovery_y_positive_005\images\frame_000071.png
72,frame_000072.png,2.304,-0.0625,-0.120662,-0.080441,1.079338,1.320662,1,11601.5,recovery_y_positive_005,D:\robotics_projects\vision_line_following\data\cnn_dataset\runs\recovery_y_positive_005\images\frame_000072.png
73,frame_000073.png,2.336,-0.0625,-0.118621,-0.079081,1.081379,1.318621,1,11603.5,recovery_y_positive_005,D:\robotics_projects\vision_line_following\data\cnn_dataset\runs\recovery_y_positive_005\images\frame_000073.png
74,frame_000074.png,2.368,-0.06875,-0.140548,-0.093699,1.059452,1.340548,1,11602.5,recovery_y_positive_005,D:\robotics_projects\vision_line_following\data\cnn_dataset\runs\recovery_y_positive_005\images\frame_000074.png
75,frame_000075.png,2.4,-0.06875,-0.136348,-0.090899,1.063652,1.336348,1,11590.5,recovery_y_positive_005,D:\robotics_projects\vision_line_following\data\cnn_dataset\runs\recovery_y_positive_005\images\frame_000075.png
76,frame_000076.png,2.432,-0.06875,-0.133199,-0.088799,1.066801,1.333199,1,11592.0,recovery_y_positive_005,D:\robotics_projects\vision_line_following\data\cnn_dataset\runs\recovery_y_positive_005\images\frame_000076.png
77,frame_000077.png,2.464,-0.06875,-0.130837,-0.087224,1.069163,1.330837,1,11584.5,recovery_y_positive_005,D:\robotics_projects\vision_line_following\data\cnn_dataset\runs\recovery_y_positive_005\images\frame_000077.png
78,frame_000078.png,2.496,-0.06875,-0.129065,-0.086043,1.070935,1.329065,1,11584.0,recovery_y_positive_005,D:\robotics_projects\vision_line_following\data\cnn_dataset\runs\recovery_y_positive_005\images\frame_000078.png
79,frame_000079.png,2.528,-0.06875,-0.127736,-0.085157,1.072264,1.327736,1,11579.5,recovery_y_positive_005,D:\robotics_projects\vision_line_following\data\cnn_dataset\runs\recovery_y_positive_005\images\frame_000079.png
80,frame_000080.png,2.56,-0.06875,-0.12674,-0.084493,1.07326,1.32674,1,11574.0,recovery_y_positive_005,D:\robotics_projects\vision_line_following\data\cnn_dataset\runs\recovery_y_positive_005\images\frame_000080.png
81,frame_000081.png,2.592,-0.075,-0.149449,-0.099633,1.050551,1.349449,1,11577.5,recovery_y_positive_005,D:\robotics_projects\vision_line_following\data\cnn_dataset\runs\recovery_y_positive_005\images\frame_000081.png
82,frame_000082.png,2.624,-0.075,-0.145837,-0.097225,1.054163,1.345837,1,11569.5,recovery_y_positive_005,D:\robotics_projects\vision_line_following\data\cnn_dataset\runs\recovery_y_positive_005\images\frame_000082.png
83,frame_000083.png,2.656,-0.075,-0.143128,-0.095418,1.056872,1.343128,1,11565.5,recovery_y_positive_005,D:\robotics_projects\vision_line_following\data\cnn_dataset\runs\recovery_y_positive_005\images\frame_000083.png
84,frame_000084.png,2.688,-0.075,-0.141096,-0.094064,1.058904,1.341096,1,11577.0,recovery_y_positive_005,D:\robotics_projects\vision_line_following\data\cnn_dataset\runs\recovery_y_positive_005\images\frame_000084.png
85,frame_000085.png,2.72,-0.075,-0.139572,-0.093048,1.060428,1.339572,1,11558.0,recovery_y_positive_005,D:\robotics_projects\vision_line_following\data\cnn_dataset\runs\recovery_y_positive_005\images\frame_000085.png
86,frame_000086.png,2.752,-0.075,-0.138429,-0.092286,1.061571,1.338429,1,11557.5,recovery_y_positive_005,D:\robotics_projects\vision_line_following\data\cnn_dataset\runs\recovery_y_positive_005\images\frame_000086.png
87,frame_000087.png,2.784,-0.075,-0.137572,-0.091714,1.062428,1.337572,1,11556.5,recovery_y_positive_005,D:\robotics_projects\vision_line_following\data\cnn_dataset\runs\recovery_y_positive_005\images\frame_000087.png
88,frame_000088.png,2.816,-0.075,-0.136929,-0.091286,1.063071,1.336929,1,11545.5,recovery_y_positive_005,D:\robotics_projects\vision_line_following\data\cnn_dataset\runs\recovery_y_positive_005\images\frame_000088.png
89,frame_000089.png,2.848,-0.075,-0.136447,-0.090964,1.063553,1.336447,1,11538.5,recovery_y_positive_005,D:\robotics_projects\vision_line_following\data\cnn_dataset\runs\recovery_y_positive_005\images\frame_000089.png
90,frame_000090.png,2.88,-0.075,-0.136085,-0.090723,1.063915,1.336085,1,11533.0,recovery_y_positive_005,D:\robotics_projects\vision_line_following\data\cnn_dataset\runs\recovery_y_positive_005\images\frame_000090.png
91,frame_000091.png,2.912,-0.075,-0.135814,-0.090542,1.064186,1.335814,1,11529.0,recovery_y_positive_005,D:\robotics_projects\vision_line_following\data\cnn_dataset\runs\recovery_y_positive_005\images\frame_000091.png
92,frame_000092.png,2.944,-0.075,-0.13561,-0.090407,1.06439,1.33561,1,11520.0,recovery_y_positive_005,D:\robotics_projects\vision_line_following\data\cnn_dataset\runs\recovery_y_positive_005\images\frame_000092.png
93,frame_000093.png,2.976,-0.075,-0.135458,-0.090305,1.064542,1.335458,1,11522.0,recovery_y_positive_005,D:\robotics_projects\vision_line_following\data\cnn_dataset\runs\recovery_y_positive_005\images\frame_000093.png
1,frame_000001.png,0.032,-0.64375,-1.5,-1.0,-0.3,2.7,1,8887.5,recovery_y_negative_005,D:\robotics_projects\vision_line_following\data\cnn_dataset\runs\recovery_y_negative_005\images\frame_000001.png
2,frame_000002.png,0.064,-0.73125,-1.5,-1.0,-0.3,2.7,1,10193.5,recovery_y_negative_005,D:\robotics_projects\vision_line_following\data\cnn_dataset\runs\recovery_y_negative_005\images\frame_000002.png
3,frame_000003.png,0.096,-0.83125,-1.5,-1.0,-0.3,2.7,1,9021.0,recovery_y_negative_005,D:\robotics_projects\vision_line_following\data\cnn_dataset\runs\recovery_y_negative_005\images\frame_000003.png
4,frame_000004.png,0.128,-0.8125,-1.5,-1.0,-0.3,2.7,1,10271.5,recovery_y_negative_005,D:\robotics_projects\vision_line_following\data\cnn_dataset\runs\recovery_y_negative_005\images\frame_000004.png
5,frame_000005.png,0.16,-0.76875,-1.5,-1.0,-0.3,2.7,1,11430.5,recovery_y_negative_005,D:\robotics_projects\vision_line_following\data\cnn_dataset\runs\recovery_y_negative_005\images\frame_000005.png
6,frame_000006.png,0.192,-0.7125,-1.5,-1.0,-0.3,2.7,1,11545.0,recovery_y_negative_005,D:\robotics_projects\vision_line_following\data\cnn_dataset\runs\recovery_y_negative_005\images\frame_000006.png
7,frame_000007.png,0.224,-0.65,-1.228147,-0.818765,-0.028147,2.428147,1,11337.5,recovery_y_negative_005,D:\robotics_projects\vision_line_following\data\cnn_dataset\runs\recovery_y_negative_005\images\frame_000007.png
8,frame_000008.png,0.256,-0.6,-1.025954,-0.683969,0.174046,2.225954,1,11199.0,recovery_y_negative_005,D:\robotics_projects\vision_line_following\data\cnn_dataset\runs\recovery_y_negative_005\images\frame_000008.png
9,frame_000009.png,0.288,-0.5625,-0.898723,-0.599149,0.301277,2.098723,1,11079.5,recovery_y_negative_005,D:\robotics_projects\vision_line_following\data\cnn_dataset\runs\recovery_y_negative_005\images\frame_000009.png
10,frame_000010.png,0.32,-0.53125,-0.809882,-0.539922,0.390118,2.009882,1,11039.5,recovery_y_negative_005,D:\robotics_projects\vision_line_following\data\cnn_dataset\runs\recovery_y_negative_005\images\frame_000010.png
11,frame_000011.png,0.352,-0.5,-0.729189,-0.486126,0.470811,1.929189,1,10958.5,recovery_y_negative_005,D:\robotics_projects\vision_line_following\data\cnn_dataset\runs\recovery_y_negative_005\images\frame_000011.png
12,frame_000012.png,0.384,-0.46875,-0.654607,-0.436404,0.545393,1.854607,1,10917.5,recovery_y_negative_005,D:\robotics_projects\vision_line_following\data\cnn_dataset\runs\recovery_y_negative_005\images\frame_000012.png
13,frame_000013.png,0.416,-0.44375,-0.608064,-0.405376,0.591936,1.808064,1,10890.0,recovery_y_negative_005,D:\robotics_projects\vision_line_following\data\cnn_dataset\runs\recovery_y_negative_005\images\frame_000013.png
14,frame_000014.png,0.448,-0.425,-0.585365,-0.390243,0.614635,1.785365,1,10871.5,recovery_y_negative_005,D:\robotics_projects\vision_line_following\data\cnn_dataset\runs\recovery_y_negative_005\images\frame_000014.png
15,frame_000015.png,0.48,-0.4,-0.536445,-0.35763,0.663555,1.736445,1,10857.0,recovery_y_negative_005,D:\robotics_projects\vision_line_following\data\cnn_dataset\runs\recovery_y_negative_005\images\frame_000015.png
16,frame_000016.png,0.512,-0.38125,-0.511963,-0.341309,0.688037,1.711963,1,10844.0,recovery_y_negative_005,D:\robotics_projects\vision_line_following\data\cnn_dataset\runs\recovery_y_negative_005\images\frame_000016.png
17,frame_000017.png,0.544,-0.3625,-0.485164,-0.323442,0.714836,1.685164,1,10840.5,recovery_y_negative_005,D:\robotics_projects\vision_line_following\data\cnn_dataset\runs\recovery_y_negative_005\images\frame_000017.png
18,frame_000018.png,0.576,-0.34375,-0.456627,-0.304418,0.743373,1.656627,1,10835.0,recovery_y_negative_005,D:\robotics_projects\vision_line_following\data\cnn_dataset\runs\recovery_y_negative_005\images\frame_000018.png
19,frame_000019.png,0.608,-0.33125,-0.450243,-0.300162,0.749757,1.650243,1,10829.0,recovery_y_negative_005,D:\robotics_projects\vision_line_following\data\cnn_dataset\runs\recovery_y_negative_005\images\frame_000019.png
20,frame_000020.png,0.64,-0.3125,-0.416374,-0.277583,0.783626,1.616374,1,10833.5,recovery_y_negative_005,D:\robotics_projects\vision_line_following\data\cnn_dataset\runs\recovery_y_negative_005\images\frame_000020.png
21,frame_000021.png,0.672,-0.3,-0.405991,-0.270661,0.794009,1.605991,1,10834.0,recovery_y_negative_005,D:\robotics_projects\vision_line_following\data\cnn_dataset\runs\recovery_y_negative_005\images\frame_000021.png
22,frame_000022.png,0.704,-0.28125,-0.369122,-0.246082,0.830878,1.569122,1,10831.5,recovery_y_negative_005,D:\robotics_projects\vision_line_following\data\cnn_dataset\runs\recovery_y_negative_005\images\frame_000022.png
23,frame_000023.png,0.736,-0.26875,-0.35649,-0.23766,0.84351,1.55649,1,10833.0,recovery_y_negative_005,D:\robotics_projects\vision_line_following\data\cnn_dataset\runs\recovery_y_negative_005\images\frame_000023.png
24,frame_000024.png,0.768,-0.25625,-0.341391,-0.227594,0.858609,1.541391,1,10834.5,recovery_y_negative_005,D:\robotics_projects\vision_line_following\data\cnn_dataset\runs\recovery_y_negative_005\images\frame_000024.png
25,frame_000025.png,0.8,-0.24375,-0.324442,-0.216295,0.875558,1.524442,1,10835.0,recovery_y_negative_005,D:\robotics_projects\vision_line_following\data\cnn_dataset\runs\recovery_y_negative_005\images\frame_000025.png
26,frame_000026.png,0.832,-0.225,-0.282648,-0.188432,0.917352,1.482648,1,10839.5,recovery_y_negative_005,D:\robotics_projects\vision_line_following\data\cnn_dataset\runs\recovery_y_negative_005\images\frame_000026.png
27,frame_000027.png,0.864,-0.21875,-0.289779,-0.193186,0.910221,1.489779,1,10840.0,recovery_y_negative_005,D:\robotics_projects\vision_line_following\data\cnn_dataset\runs\recovery_y_negative_005\images\frame_000027.png
28,frame_000028.png,0.896,-0.20625,-0.268858,-0.179238,0.931142,1.468858,1,10840.5,recovery_y_negative_005,D:\robotics_projects\vision_line_following\data\cnn_dataset\runs\recovery_y_negative_005\images\frame_000028.png
29,frame_000029.png,0.928,-0.19375,-0.247542,-0.165028,0.952458,1.447542,1,10840.5,recovery_y_negative_005,D:\robotics_projects\vision_line_following\data\cnn_dataset\runs\recovery_y_negative_005\images\frame_000029.png
30,frame_000030.png,0.96,-0.18125,-0.22593,-0.15062,0.97407,1.42593,1,10843.5,recovery_y_negative_005,D:\robotics_projects\vision_line_following\data\cnn_dataset\runs\recovery_y_negative_005\images\frame_000030.png
31,frame_000031.png,0.992,-0.175,-0.227553,-0.151702,0.972447,1.427553,1,10843.0,recovery_y_negative_005,D:\robotics_projects\vision_line_following\data\cnn_dataset\runs\recovery_y_negative_005\images\frame_000031.png
32,frame_000032.png,1.024,-0.1625,-0.2025,-0.135,0.9975,1.4025,1,10847.0,recovery_y_negative_005,D:\robotics_projects\vision_line_following\data\cnn_dataset\runs\recovery_y_negative_005\images\frame_000032.png
33,frame_000033.png,1.056,-0.15,-0.178086,-0.118724,1.021914,1.378086,1,10848.0,recovery_y_negative_005,D:\robotics_projects\vision_line_following\data\cnn_dataset\runs\recovery_y_negative_005\images\frame_000033.png
34,frame_000034.png,1.088,-0.14375,-0.177608,-0.118405,1.022392,1.377608,1,10850.0,recovery_y_negative_005,D:\robotics_projects\vision_line_following\data\cnn_dataset\runs\recovery_y_negative_005\images\frame_000034.png
35,frame_000035.png,1.12,-0.1375,-0.174436,-0.116291,1.025564,1.374436,1,10849.5,recovery_y_negative_005,D:\robotics_projects\vision_line_following\data\cnn_dataset\runs\recovery_y_negative_005\images\frame_000035.png
36,frame_000036.png,1.152,-0.125,-0.145788,-0.097192,1.054212,1.345788,1,10851.0,recovery_y_negative_005,D:\robotics_projects\vision_line_following\data\cnn_dataset\runs\recovery_y_negative_005\images\frame_000036.png
37,frame_000037.png,1.184,-0.11875,-0.142134,-0.094756,1.057866,1.342134,1,10845.5,recovery_y_negative_005,D:\robotics_projects\vision_line_following\data\cnn_dataset\runs\recovery_y_negative_005\images\frame_000037.png
38,frame_000038.png,1.216,-0.1125,-0.136581,-0.091054,1.063419,1.336581,1,10847.0,recovery_y_negative_005,D:\robotics_projects\vision_line_following\data\cnn_dataset\runs\recovery_y_negative_005\images\frame_000038.png
39,frame_000039.png,1.248,-0.10625,-0.129604,-0.086402,1.070396,1.329604,1,10847.5,recovery_y_negative_005,D:\robotics_projects\vision_line_following\data\cnn_dataset\runs\recovery_y_negative_005\images\frame_000039.png
40,frame_000040.png,1.28,-0.1,-0.121558,-0.081039,1.078442,1.321558,1,10845.0,recovery_y_negative_005,D:\robotics_projects\vision_line_following\data\cnn_dataset\runs\recovery_y_negative_005\images\frame_000040.png
41,frame_000041.png,1.312,-0.09375,-0.112712,-0.075141,1.087288,1.312712,1,10846.0,recovery_y_negative_005,D:\robotics_projects\vision_line_following\data\cnn_dataset\runs\recovery_y_negative_005\images\frame_000041.png
42,frame_000042.png,1.344,-0.08125,-0.079807,-0.053205,1.120193,1.279807,1,10843.0,recovery_y_negative_005,D:\robotics_projects\vision_line_following\data\cnn_dataset\runs\recovery_y_negative_005\images\frame_000042.png
43,frame_000043.png,1.376,-0.08125,-0.096418,-0.064279,1.103582,1.296418,1,10836.0,recovery_y_negative_005,D:\robotics_projects\vision_line_following\data\cnn_dataset\runs\recovery_y_negative_005\images\frame_000043.png
44,frame_000044.png,1.408,-0.075,-0.085419,-0.056946,1.114581,1.285419,1,10833.0,recovery_y_negative_005,D:\robotics_projects\vision_line_following\data\cnn_dataset\runs\recovery_y_negative_005\images\frame_000044.png
45,frame_000045.png,1.44,-0.06875,-0.074357,-0.049571,1.125643,1.274357,1,10835.5,recovery_y_negative_005,D:\robotics_projects\vision_line_following\data\cnn_dataset\runs\recovery_y_negative_005\images\frame_000045.png
46,frame_000046.png,1.472,-0.0625,-0.063248,-0.042166,1.136752,1.263248,1,10835.0,recovery_y_negative_005,D:\robotics_projects\vision_line_following\data\cnn_dataset\runs\recovery_y_negative_005\images\frame_000046.png
47,frame_000047.png,1.504,-0.05625,-0.052104,-0.034736,1.147896,1.252104,1,10836.0,recovery_y_negative_005,D:\robotics_projects\vision_line_following\data\cnn_dataset\runs\recovery_y_negative_005\images\frame_000047.png
48,frame_000048.png,1.536,-0.05,-0.040934,-0.027289,1.159066,1.240934,1,10839.5,recovery_y_negative_005,D:\robotics_projects\vision_line_following\data\cnn_dataset\runs\recovery_y_negative_005\images\frame_000048.png
49,frame_000049.png,1.568,-0.05,-0.0532,-0.035467,1.1468,1.2532,1,10839.0,recovery_y_negative_005,D:\robotics_projects\vision_line_following\data\cnn_dataset\runs\recovery_y_negative_005\images\frame_000049.png
50,frame_000050.png,1.6,-0.04375,-0.038943,-0.025962,1.161057,1.238943,1,10840.0,recovery_y_negative_005,D:\robotics_projects\vision_line_following\data\cnn_dataset\runs\recovery_y_negative_005\images\frame_000050.png
51,frame_000051.png,1.632,-0.0375,-0.025438,-0.016959,1.174562,1.225438,1,10841.5,recovery_y_negative_005,D:\robotics_projects\vision_line_following\data\cnn_dataset\runs\recovery_y_negative_005\images\frame_000051.png
52,frame_000052.png,1.664,-0.0375,-0.035953,-0.023969,1.164047,1.235953,1,10840.0,recovery_y_negative_005,D:\robotics_projects\vision_line_following\data\cnn_dataset\runs\recovery_y_negative_005\images\frame_000052.png
53,frame_000053.png,1.696,-0.03125,-0.020383,-0.013589,1.179617,1.220383,1,10839.5,recovery_y_negative_005,D:\robotics_projects\vision_line_following\data\cnn_dataset\runs\recovery_y_negative_005\images\frame_000053.png
54,frame_000054.png,1.728,-0.025,-0.005893,-0.003928,1.194107,1.205893,1,10837.0,recovery_y_negative_005,D:\robotics_projects\vision_line_following\data\cnn_dataset\runs\recovery_y_negative_005\images\frame_000054.png
55,frame_000055.png,1.76,-0.025,-0.01567,-0.010446,1.18433,1.21567,1,10839.5,recovery_y_negative_005,D:\robotics_projects\vision_line_following\data\cnn_dataset\runs\recovery_y_negative_005\images\frame_000055.png
56,frame_000056.png,1.792,-0.01875,0.000455,0.000303,1.200455,1.199545,1,10835.5,recovery_y_negative_005,D:\robotics_projects\vision_line_following\data\cnn_dataset\runs\recovery_y_negative_005\images\frame_000056.png
57,frame_000057.png,1.824,-0.01875,-0.008096,-0.005398,1.191904,1.208096,1,10832.5,recovery_y_negative_005,D:\robotics_projects\vision_line_following\data\cnn_dataset\runs\recovery_y_negative_005\images\frame_000057.png
58,frame_000058.png,1.856,-0.0125,0.008947,0.005965,1.208947,1.191053,1,10829.5,recovery_y_negative_005,D:\robotics_projects\vision_line_following\data\cnn_dataset\runs\recovery_y_negative_005\images\frame_000058.png
59,frame_000059.png,1.888,-0.0125,0.001085,0.000724,1.201085,1.198915,1,10826.5,recovery_y_negative_005,D:\robotics_projects\vision_line_following\data\cnn_dataset\runs\recovery_y_negative_005\images\frame_000059.png
60,frame_000060.png,1.92,-0.00625,0.018646,0.012431,1.218646,1.181354,1,10821.0,recovery_y_negative_005,D:\robotics_projects\vision_line_following\data\cnn_dataset\runs\recovery_y_negative_005\images\frame_000060.png
61,frame_000061.png,1.952,-0.00625,0.011172,0.007448,1.211172,1.188828,1,10820.5,recovery_y_negative_005,D:\robotics_projects\vision_line_following\data\cnn_dataset\runs\recovery_y_negative_005\images\frame_000061.png
62,frame_000062.png,1.984,-0.00625,0.005567,0.003711,1.205567,1.194433,1,10814.0,recovery_y_negative_005,D:\robotics_projects\vision_line_following\data\cnn_dataset\runs\recovery_y_negative_005\images\frame_000062.png
63,frame_000063.png,2.016,0.0,0.024819,0.016546,1.224819,1.175181,1,10812.5,recovery_y_negative_005,D:\robotics_projects\vision_line_following\data\cnn_dataset\runs\recovery_y_negative_005\images\frame_000063.png
64,frame_000064.png,2.048,0.0,0.018615,0.01241,1.218615,1.181385,1,10808.5,recovery_y_negative_005,D:\robotics_projects\vision_line_following\data\cnn_dataset\runs\recovery_y_negative_005\images\frame_000064.png
65,frame_000065.png,2.08,0.00625,0.037418,0.024945,1.237418,1.162582,1,10805.5,recovery_y_negative_005,D:\robotics_projects\vision_line_following\data\cnn_dataset\runs\recovery_y_negative_005\images\frame_000065.png
66,frame_000066.png,2.112,0.00625,0.030876,0.020584,1.230876,1.169124,1,10800.0,recovery_y_negative_005,D:\robotics_projects\vision_line_following\data\cnn_dataset\runs\recovery_y_negative_005\images\frame_000066.png
67,frame_000067.png,2.144,0.00625,0.025969,0.017313,1.225969,1.174031,1,10809.0,recovery_y_negative_005,D:\robotics_projects\vision_line_following\data\cnn_dataset\runs\recovery_y_negative_005\images\frame_000067.png
68,frame_000068.png,2.176,0.0125,0.045747,0.030498,1.245747,1.154253,1,10812.0,recovery_y_negative_005,D:\robotics_projects\vision_line_following\data\cnn_dataset\runs\recovery_y_negative_005\images\frame_000068.png
69,frame_000069.png,2.208,0.0125,0.039935,0.026623,1.239935,1.160065,1,10814.5,recovery_y_negative_005,D:\robotics_projects\vision_line_following\data\cnn_dataset\runs\recovery_y_negative_005\images\frame_000069.png
70,frame_000070.png,2.24,0.0125,0.035576,0.023717,1.235576,1.164424,1,10812.5,recovery_y_negative_005,D:\robotics_projects\vision_line_following\data\cnn_dataset\runs\recovery_y_negative_005\images\frame_000070.png
71,frame_000071.png,2.272,0.0125,0.032307,0.021538,1.232307,1.167693,1,10815.5,recovery_y_negative_005,D:\robotics_projects\vision_line_following\data\cnn_dataset\runs\recovery_y_negative_005\images\frame_000071.png
72,frame_000072.png,2.304,0.01875,0.053312,0.035542,1.253312,1.146688,1,10815.0,recovery_y_negative_005,D:\robotics_projects\vision_line_following\data\cnn_dataset\runs\recovery_y_negative_005\images\frame_000072.png
73,frame_000073.png,2.336,0.01875,0.048422,0.032281,1.248422,1.151578,1,10814.0,recovery_y_negative_005,D:\robotics_projects\vision_line_following\data\cnn_dataset\runs\recovery_y_negative_005\images\frame_000073.png
74,frame_000074.png,2.368,0.01875,0.044754,0.029836,1.244754,1.155246,1,10814.0,recovery_y_negative_005,D:\robotics_projects\vision_line_following\data\cnn_dataset\runs\recovery_y_negative_005\images\frame_000074.png
75,frame_000075.png,2.4,0.01875,0.042003,0.028002,1.242003,1.157997,1,10808.5,recovery_y_negative_005,D:\robotics_projects\vision_line_following\data\cnn_dataset\runs\recovery_y_negative_005\images\frame_000075.png
76,frame_000076.png,2.432,0.01875,0.03994,0.026626,1.23994,1.16006,1,10810.0,recovery_y_negative_005,D:\robotics_projects\vision_line_following\data\cnn_dataset\runs\recovery_y_negative_005\images\frame_000076.png
77,frame_000077.png,2.464,0.025,0.061849,0.041233,1.261849,1.138151,1,10805.5,recovery_y_negative_005,D:\robotics_projects\vision_line_following\data\cnn_dataset\runs\recovery_y_negative_005\images\frame_000077.png
78,frame_000078.png,2.496,0.025,0.057637,0.038425,1.257637,1.142363,1,10805.5,recovery_y_negative_005,D:\robotics_projects\vision_line_following\data\cnn_dataset\runs\recovery_y_negative_005\images\frame_000078.png
79,frame_000079.png,2.528,0.025,0.054478,0.036318,1.254478,1.145522,1,10801.0,recovery_y_negative_005,D:\robotics_projects\vision_line_following\data\cnn_dataset\runs\recovery_y_negative_005\images\frame_000079.png
80,frame_000080.png,2.56,0.025,0.052108,0.034739,1.252108,1.147892,1,10799.5,recovery_y_negative_005,D:\robotics_projects\vision_line_following\data\cnn_dataset\runs\recovery_y_negative_005\images\frame_000080.png
81,frame_000081.png,2.592,0.025,0.050331,0.033554,1.250331,1.149669,1,10778.5,recovery_y_negative_005,D:\robotics_projects\vision_line_following\data\cnn_dataset\runs\recovery_y_negative_005\images\frame_000081.png
82,frame_000082.png,2.624,0.025,0.048998,0.032666,1.248998,1.151002,1,10802.0,recovery_y_negative_005,D:\robotics_projects\vision_line_following\data\cnn_dataset\runs\recovery_y_negative_005\images\frame_000082.png
83,frame_000083.png,2.656,0.03125,0.071456,0.047637,1.271456,1.128544,1,10781.0,recovery_y_negative_005,D:\robotics_projects\vision_line_following\data\cnn_dataset\runs\recovery_y_negative_005\images\frame_000083.png
84,frame_000084.png,2.688,0.03125,0.067654,0.045103,1.267654,1.132346,1,10777.5,recovery_y_negative_005,D:\robotics_projects\vision_line_following\data\cnn_dataset\runs\recovery_y_negative_005\images\frame_000084.png
85,frame_000085.png,2.72,0.03125,0.064803,0.043202,1.264803,1.135197,1,10771.5,recovery_y_negative_005,D:\robotics_projects\vision_line_following\data\cnn_dataset\runs\recovery_y_negative_005\images\frame_000085.png
86,frame_000086.png,2.752,0.03125,0.062665,0.041777,1.262665,1.137335,1,10765.0,recovery_y_negative_005,D:\robotics_projects\vision_line_following\data\cnn_dataset\runs\recovery_y_negative_005\images\frame_000086.png
87,frame_000087.png,2.784,0.03125,0.061061,0.040707,1.261061,1.138939,1,10764.0,recovery_y_negative_005,D:\robotics_projects\vision_line_following\data\cnn_dataset\runs\recovery_y_negative_005\images\frame_000087.png
88,frame_000088.png,2.816,0.03125,0.059858,0.039906,1.259858,1.140142,1,10755.5,recovery_y_negative_005,D:\robotics_projects\vision_line_following\data\cnn_dataset\runs\recovery_y_negative_005\images\frame_000088.png
89,frame_000089.png,2.848,0.03125,0.058956,0.039304,1.258956,1.141044,1,10757.5,recovery_y_negative_005,D:\robotics_projects\vision_line_following\data\cnn_dataset\runs\recovery_y_negative_005\images\frame_000089.png
90,frame_000090.png,2.88,0.03125,0.05828,0.038853,1.25828,1.14172,1,10752.5,recovery_y_negative_005,D:\robotics_projects\vision_line_following\data\cnn_dataset\runs\recovery_y_negative_005\images\frame_000090.png
91,frame_000091.png,2.912,0.03125,0.057772,0.038515,1.257772,1.142228,1,10741.0,recovery_y_negative_005,D:\robotics_projects\vision_line_following\data\cnn_dataset\runs\recovery_y_negative_005\images\frame_000091.png
92,frame_000092.png,2.944,0.03125,0.057392,0.038261,1.257392,1.142608,1,10734.0,recovery_y_negative_005,D:\robotics_projects\vision_line_following\data\cnn_dataset\runs\recovery_y_negative_005\images\frame_000092.png
93,frame_000093.png,2.976,0.03125,0.057106,0.038071,1.257106,1.142894,1,10726.5,recovery_y_negative_005,D:\robotics_projects\vision_line_following\data\cnn_dataset\runs\recovery_y_negative_005\images\frame_000093.png
